MuniCode,ANC_2021,ANC_Scenario_2026,ANC_ChangeFrom2021_pts,ANC_Method,DA_2021,DA_Scenario_2026,DA_ChangeFrom2021_pts,DA_Method,EFF_2021,EFF_Scenario_2026,EFF_ChangeFrom2021_pts,EFF_Method,UDM_2021,UDM_Scenario_2026,UDM_ChangeFrom2021_pts,UDM_Method,ATM_2021,ATM_Scenario_2026,ATM_ChangeFrom2021_pts,ATM_Method,OTHER_2021,OTHER_Scenario_2026,OTHER_ChangeFrom2021_pts,OTHER_Method,ANC_SensitivityLow_2026,ANC_SensitivityHigh_2026,DA_SensitivityLow_2026,DA_SensitivityHigh_2026,EFF_SensitivityLow_2026,EFF_SensitivityHigh_2026,UDM_SensitivityLow_2026,UDM_SensitivityHigh_2026,ATM_SensitivityLow_2026,ATM_SensitivityHigh_2026,OTHER_SensitivityLow_2026,OTHER_SensitivityHigh_2026,ScenarioHighestShareCategory_2026,ScenarioHighestShare_2026,ScenarioTopTwoGap_pts_2026
BUF,60.510914487005245,54.84728120905229,-5.663633277952954,Random Forest,19.492968684991546,18.73371791276848,-0.7592507722230657,No Change Baseline,12.371231242892408,15.653068966333013,3.2818377234406046,Average Swing Baseline,1.1039303247996006,1.0609322589262433,-0.042998065873357305,No Change Baseline,0.8892463872631958,0.8546102568134513,-0.03463613044974456,No Change Baseline,5.631708873047998,8.850389396106525,3.218680523058527,Random Forest,52.34539184400169,57.34917057410289,16.231828547717882,21.235607277819078,13.151179601282415,18.15495833138361,0.0,3.562821623976842,0.0,3.3564996218640504,6.348500031055926,11.352278761157123,ANC,54.84728120905229,36.113563296283814
EC101,46.628329626213855,42.76348384741116,-3.864845778802696,Random Forest,39.76563771496773,42.232713836682976,2.4670761217152446,No Change Baseline,4.123040199641946,8.538034213149384,4.414994013507438,Average Swing Baseline,0.0,0.0,0.0,No Change Baseline,0.1464764281451744,0.1555638845280273,0.00908745638285291,No Change Baseline,9.33651603103128,6.310204218228444,-3.0263118128028363,Random Forest,40.26159448236056,45.26537321246176,39.730824471632374,44.73460320173358,6.036144848098785,11.039923578199982,0.0,2.501889365050599,0.0,2.657453249578626,3.808314853177845,8.812093583279044,ANC,42.76348384741116,0.5307700107281832
EC102,56.4983888292159,47.4278941851847,-9.0704946440312,Random Forest,37.05692803437165,34.86062411789588,-2.1963039164757703,No Change Baseline,6.176154672395274,9.494229384699201,3.318074712303927,Average Swing Baseline,0.0,0.0,0.0,No Change Baseline,0.2685284640171858,0.2526132182456222,-0.015915245771563558,No Change Baseline,0.0,7.964639093974608,7.964639093974608,Random Forest,44.9260048201341,49.9297835502353,32.35873475284528,37.36251348294648,6.992340019648602,11.996118749749801,0.0,2.501889365050599,0.0,2.754502583296221,5.462749728924009,10.466528459025206,ANC,47.4278941851847,12.567270067288817
EC104,51.818333240797294,50.57647670912433,-1.2418565316729655,Random Forest,17.66698128921215,20.23981411472704,2.5728328255148902,No Change Baseline,5.82977069568597,11.165310263791374,5.335539568105404,Average Swing Baseline,0.0,0.0,0.0,No Change Baseline,0.8272722225306757,0.9477474239768474,0.12047520144617174,No Change Baseline,23.857642551773907,17.07065148838041,-6.786991063393497,Random Forest,48.07458734407373,53.07836607417493,17.73792474967644,22.741703479777637,8.663420898740775,13.667199628841974,0.0,2.501889365050599,0.0,3.4496367890274464,14.568762123329812,19.572540853431008,ANC,50.57647670912433,30.33666259439729
EC105,52.551891207399656,43.912030109582105,-8.639861097817551,Random Forest,30.28684688652756,28.713125258190605,-1.5737216283369548,No Change Baseline,14.799317293398667,17.743080896368987,2.9437636029703196,Average Swing Baseline,0.0,0.0,0.0,No Change Baseline,0.28079061828993,0.2662005795614834,-0.014590038728446608,No Change Baseline,2.081153994384181,9.36556315629682,7.28440916191264,Random Forest,41.4101407445315,46.413919474632706,26.211235893140007,31.215014623241203,15.241191531318389,20.244970261419585,0.0,2.501889365050599,0.0,2.768089944612082,6.863673791246222,11.86745252134742,ANC,43.912030109582105,15.1989048513915
EC106,63.8290387828687,59.99328547517741,-3.8357533076912915,Random Forest,21.73071849441562,22.99920050470789,1.2684820102922707,No Change Baseline,5.689912936417202,10.166884459116249,4.4769715226990465,Average Swing Baseline,0.0,0.0,0.0,No Change Baseline,0.7475156098847947,0.7911501590045207,0.043634549119725974,No Change Baseline,8.002814176413679,6.04947940199394,-1.953334774419739,Random Forest,57.49139611012681,62.49517484022801,20.497311139657292,25.501089869758488,7.66499509406565,12.668773824166848,0.0,2.501889365050599,0.0,3.2930395240551196,3.5475900369433413,8.55136876704454,ANC,59.99328547517741,36.994084970469515
EC108,37.56098994768091,34.36794345424478,-3.1930464934361282,Random Forest,53.8857210040562,52.11579652448218,-1.7699244795740228,No Change Baseline,1.884075010287461,5.609792893681131,3.7257178833936706,Average Swing Baseline,0.814179060607842,0.7874366245176218,-0.0267424360902202,No Change Baseline,0.1058138851331491,0.10233833387232627,-0.003475551260822829,No Change Baseline,5.749221092234436,7.016692169201971,1.267471076967535,Random Forest,31.866054089194183,36.86983281929538,49.61390715943158,54.61768588953278,3.1079035286305325,8.11168225873173,0.0,3.2893259895682205,0.0,2.604227698922925,4.514802804151372,9.518581534252569,DA,52.11579652448218,17.747853070237397
EC109,48.332683307332296,47.59847376177573,-0.7342095455565669,Random Forest,29.56318252730109,33.22473561335948,3.6615530860583867,No Change Baseline,2.8568642745709827,7.611981761635628,4.755117487064645,Average Swing Baseline,0.0,0.0,0.0,No Change Baseline,0.8677847113884556,0.975264336935684,0.10747962554722845,No Change Baseline,18.379485179407183,10.589544526293501,-7.789940653113682,Random Forest,45.09658439672513,50.10036312682633,30.72284624830888,35.72662497841008,5.110092396585029,10.113871126686227,0.0,2.501889365050599,0.0,3.477153701986283,8.087655161242903,13.0914338913441,ANC,47.59847376177573,14.373738148416251
EC121,71.58867876075352,65.54291254724748,-6.045766213506042,Random Forest,1.4142377606984975,1.3589205513436207,-0.05531720935487683,No Change Baseline,6.210906689656437,9.731022794303758,3.520116104647321,Average Swing Baseline,13.515050351266575,12.98641585252892,-0.5286344987376559,No Change Baseline,2.175468202579012,2.0903758416258555,-0.08509236095315664,No Change Baseline,5.095658235045946,8.290352412950346,3.1946941779044007,Random Forest,63.04102318219688,68.04480191229808,0.0,3.8608099163942198,7.229133429253159,12.232912159354356,10.48452648747832,15.48830521757952,0.0,4.592265206676455,5.788463047899747,10.792241778000946,ANC,65.54291254724748,52.55649669471856
EC122,70.57863412886402,69.20869678172511,-1.3699373471389151,Random Forest,1.9466947988614425,2.0012877306021584,0.05459293174071589,No Change Baseline,7.653416668325405,11.8941091076372,4.240692439311796,Average Swing Baseline,7.593702103943151,7.806659194526824,0.2129570905836724,No Change Baseline,2.2950297577579173,2.3593913633786183,0.06436160562070103,No Change Baseline,9.932522542248066,6.729855822130094,-3.2026667201179713,Random Forest,66.70680741667451,71.71058614677571,0.0,4.503177095652758,9.392219742586601,14.3959984726878,5.304769829476225,10.308548559577423,0.0,4.861280728429217,4.2279664570794955,9.231745187180692,ANC,69.20869678172511,57.31458767408791
EC123,67.35558540870105,60.98348256896606,-6.3721028397349855,Random Forest,18.673142502841788,18.889855709521704,0.21671320667991623,No Change Baseline,10.654128345561642,14.739460492166968,4.085332146605326,Average Swing Baseline,0.9403740828769248,0.9512876976018126,0.010913614724887832,No Change Baseline,0.6200268678309393,0.6272226577594368,0.007195789928497454,No Change Baseline,1.7567427921876515,3.8086908739840153,2.051948081796364,Random Forest,58.48159320391546,63.48537193401666,16.387966344471106,21.391745074572302,12.237571127116368,17.241349857217568,0.0,3.4531770626524114,0.0,3.1291120228100358,1.3068015089334164,6.310580239034614,ANC,60.98348256896606,42.093626859444356
EC124,75.99647266313933,71.43475001420772,-4.561722648931607,Random Forest,9.982363315696649,10.36727533793725,0.38491202224060217,No Change Baseline,7.319223985890653,11.668688557254143,4.34946457136349,Average Swing Baseline,0.0,0.0,0.0,No Change Baseline,1.0405643738977073,1.08068771190512,0.040123338007412634,No Change Baseline,5.661375661375658,5.44859837869577,-0.2127772826798875,Random Forest,68.93286064915712,73.93663937925832,7.865385972886652,12.869164702987849,9.166799192203545,14.17057792230474,0.0,2.501889365050599,0.0,3.582577076955719,2.9467090136451715,7.950487743746369,ANC,71.43475001420772,59.76606145695358
EC126,81.28733322168257,75.36949817355412,-5.9178350481284525,Random Forest,2.886172053815665,2.9297992988752726,0.04362724505960758,No Change Baseline,12.53279740970245,16.697674424337283,4.164877014634833,Average Swing Baseline,0.0,0.0,0.0,No Change Baseline,1.9818009267012784,2.011757739072962,0.029956812371683794,No Change Baseline,1.3118963880980203,2.991270364160359,1.6793739760623385,Random Forest,72.86760880850352,77.87138753860472,0.4279099338246737,5.431688663925872,14.195785059286685,19.19956378938788,0.0,2.501889365050599,0.0,4.513647104123561,0.48938099910975996,5.493159729210958,ANC,75.36949817355412,58.67182374921684
EC129,75.44105292635116,74.4936165529606,-0.9474363733905591,Random Forest,7.149257910949314,7.247349666826252,0.09809175587693808,No Change Baseline,7.857742929151498,11.935522583135059,4.077779653983561,Average Swing Baseline,0.0,0.0,0.0,No Change Baseline,1.7698123774852983,1.7940951780000751,0.024282800514776826,No Change Baseline,7.782133856062728,4.529416019078027,-3.2527178369847016,Random Forest,71.99172718791,76.9955059180112,4.745460301775653,9.74923903187685,9.43363321808446,14.437411948185659,0.0,2.501889365050599,0.0,4.295984543050674,2.0275266540274277,7.0313053841286255,ANC,74.4936165529606,62.55809396982554
EC131,53.63515499265272,44.90300065386821,-8.732154338784511,Random Forest,39.50038485760269,37.27337701372502,-2.227007843877672,No Change Baseline,2.784969561262333,6.323393943283356,3.538424382021023,Average Swing Baseline,0.0,0.0,0.0,No Change Baseline,0.2798964383178224,0.2641160461557131,-0.015780392162109302,No Change Baseline,3.799594150164438,11.236112342967706,7.436518192803268,Random Forest,42.40111128881761,47.40489001891881,34.771487648674416,39.77526637877562,3.821504578232757,8.825283308333955,0.0,2.501889365050599,0.0,2.766005411206312,8.734222977917106,13.738001708018306,ANC,44.90300065386821,7.629623640143194
EC135,81.16174951211113,75.98461263830583,-5.177136873805296,Random Forest,1.937205831707037,1.8729911188277935,-0.06421471287924363,No Change Baseline,9.324417403283205,12.801749024754482,3.4773316214712775,Average Swing Baseline,3.4209620020663527,3.307563575767007,-0.11339842629934571,No Change Baseline,1.4033980025255424,1.3568780105285791,-0.04651999199696322,No Change Baseline,2.7522672483067367,4.676205631816321,1.9239383835095847,Random Forest,73.48272327325523,78.48650200335643,0.0,4.374880483878393,10.299859659703884,15.30363838980508,0.8056742107164081,5.809452940817605,0.0,3.858767375579178,2.1743162667657225,7.17809499686692,ANC,75.98461263830583,63.18286361355135
EC136,81.51878863197828,76.31153145964913,-5.20725717232915,Random Forest,6.364260718840959,6.189141724502137,-0.17511899433882228,No Change Baseline,5.343885927331001,9.005318670449757,3.6614327431187563,Average Swing Baseline,2.508421362461981,2.4393996416717054,-0.06902172079027569,No Change Baseline,1.3801223141577,1.3421468693421896,-0.037975444815510295,No Change Baseline,2.8845210452300734,4.712461634385069,1.8279405891549958,Random Forest,73.80964209459853,78.81342082469973,3.687252359451538,8.691031089552736,6.503429305399158,11.507208035500355,0.0,4.941289006722304,0.0,3.8440362343927887,2.2105722693344703,7.214350999435668,ANC,76.31153145964913,67.30621278919938
EC137,82.07380279941653,77.00610370266429,-5.067699096752236,Random Forest,1.3531547748362869,1.3121782280893683,-0.04097654674691853,No Change Baseline,5.598833059185004,9.226929788779024,3.62809672959402,Average Swing Baseline,5.074330405636076,4.920668355335131,-0.15366205030094449,No Change Baseline,3.0445982433816456,2.9524010132010785,-0.09219723018056714,No Change Baseline,2.85528071754446,4.581718911931112,1.7264381943866525,Random Forest,74.50421433761369,79.50799306771489,0.0,3.814067593139967,6.725040423728426,11.728819153829622,2.4187789902845322,7.42255772038573,0.4505116481504796,5.454290378251677,2.0798295468805135,7.083608276981711,ANC,77.00610370266429,67.77917391388527
EC138,73.06846399432423,66.83075499210085,-6.237709002223383,Random Forest,8.783256473926924,8.86468646715509,0.08142999322816635,No Change Baseline,7.335934728627173,11.356488331401094,4.020553602773921,Average Swing Baseline,3.2493792124866974,3.2795043634547913,0.030125150968093983,No Change Baseline,3.4338417878680385,3.4656771002448012,0.03183531237676274,No Change Baseline,4.129123802766941,6.202888745643368,2.0737649428764273,Random Forest,64.32886562705025,69.33264435715145,6.362797102104492,11.36657583220569,8.854598966350494,13.858377696451694,0.7776149984041925,5.781393728505391,0.9637877351942024,5.9675664652954,3.7009993805927692,8.704778110693967,ANC,66.83075499210085,55.474266660699755
EC139,63.81185476895898,65.509967731698,1.6981129627390175,Random Forest,10.489317458272758,11.27798253293251,0.7886650746597521,No Change Baseline,8.400655122283359,13.242964876187038,4.842309753903679,Average Swing Baseline,1.3580905761763675,1.4602019490007352,0.10211137282436766,No Change Baseline,1.0102868920336394,1.0862477913298156,0.07596089929617622,No Change Baseline,14.929795182274901,7.422635118851916,-7.507160063422985,Random Forest,63.008078366647396,68.0118570967486,8.77609316788191,13.77987189798311,10.74107551113644,15.744854241237636,0.0,3.9620913140513343,0.0,3.5881371563804145,4.9207457538013175,9.924524483902516,ANC,65.509967731698,52.26700285551096
EC141,80.05528386136508,74.98707448554215,-5.068209375822931,Random Forest,3.3701892409100576,3.2561356378264468,-0.11405360308361079,No Change Baseline,7.566092565029414,11.093743028431431,3.5276504634020176,Average Swing Baseline,2.87405202353108,2.776788645927706,-0.09726337760337422,No Change Baseline,2.101495499326671,2.0303769013996664,-0.07111859792700459,No Change Baseline,4.032886809837706,5.855881300872601,1.822994491034895,Random Forest,72.48518512049155,77.48896385059275,0.7542462727758479,5.758025002877046,8.591853663380832,13.595632393482031,0.2748992808771069,5.278678010978305,0.0,4.532266266450265,3.353991935822002,8.3577706659232,ANC,74.98707448554215,63.89333145711072
EC142,74.22378441710603,73.20173900338185,-1.022045413724186,Random Forest,3.445371997656708,3.513430705903817,0.06805870824710869,No Change Baseline,11.44185705916813,15.661469781105637,4.219612721937507,Average Swing Baseline,1.32908611599297,1.3553404317142246,0.026254315721254473,No Change Baseline,0.9043643819566493,0.9222288887972824,0.01786450684063312,No Change Baseline,8.655536028119514,5.345791189097186,-3.3097448390223274,Random Forest,70.69984963833124,75.70362836843245,1.011541340853218,6.015320070954416,13.15958041605504,18.163359146156235,0.0,3.8572297967648232,0.0,3.4241182538478814,2.843901824046587,7.847680554147785,ANC,73.20173900338185,57.54026922227621
EC145,55.71284125379171,51.35871875468935,-4.35412249910236,Random Forest,22.851365015166834,24.20598748353876,1.3546224683719252,No Change Baseline,12.490334859929815,17.379145846696996,4.888810986767181,Average Swing Baseline,0.0,0.0,0.0,No Change Baseline,1.5880568607625052,1.6821964232443645,0.09413956248185928,No Change Baseline,7.3574020103491335,5.373951491830519,-1.9834505185186142,Random Forest,48.85682938963875,53.86060811973995,21.70409811848816,26.707876848589358,14.877256481646398,19.881035211747594,0.0,2.501889365050599,0.0,4.184085788294963,2.8720621267799205,7.875840856881118,ANC,51.35871875468935,27.15273127115059
EC153,75.83534861541605,73.03070244657641,-2.804646168839639,Random Forest,2.576722640416908,2.616631183560869,0.03990854314396097,No Change Baseline,9.41789570489458,13.54065027272053,4.12275456782595,Average Swing Baseline,2.0164174529105217,2.047647932145452,0.031230479234930275,No Change Baseline,2.3314826799277903,2.367592921543179,0.03611024161538845,No Change Baseline,7.822132906434163,6.396775243453575,-1.4253576629805877,Random Forest,70.52881308152581,75.53259181162701,0.11474181851027021,5.1185205486114675,11.038760907669932,16.042539637771128,0.0,4.549537297196051,0.0,4.869482286593778,3.8948858784029765,8.898664608504173,ANC,73.03070244657641,59.49005217385589
EC154,78.49817532830772,73.59613753010923,-4.902037798198492,Random Forest,3.3696491835593085,3.2415706994856537,-0.12807848407365485,No Change Baseline,7.565062198662796,11.044898736227976,3.4798365375651805,Average Swing Baseline,2.288164939665965,2.201193067872076,-0.08697187179388921,No Change Baseline,4.174102980741057,4.015447656991319,-0.15865532374973768,No Change Baseline,4.104845369063156,5.900752309313762,1.7959069402506058,Random Forest,71.09424816505863,76.09802689515983,0.7396813344350548,5.743460064536253,8.543009371177376,13.546788101278576,0.0,4.703082432922675,1.5135582919407202,6.517337022041918,3.398862944263163,8.40264167436436,ANC,73.59613753010923,62.551238793881254
EC155,79.63909666541105,73.80156312404506,-5.8375335413659855,Random Forest,1.492403451182981,1.4545895547637582,-0.037813896419222726,No Change Baseline,5.115786830257045,8.803171450417912,3.6873846201608664,Average Swing Baseline,3.426070422787853,3.339262078844685,-0.08680834394316772,No Change Baseline,7.580405029686631,7.388335887538031,-0.1920691421485996,No Change Baseline,2.7462376006744336,5.213077904390545,2.4668403037161113,Random Forest,71.29967375899446,76.30345248909566,0.0,3.956478919814357,6.301282085367313,11.305060815468511,0.8373727137940863,5.841151443895284,4.886446522487432,9.89022525258863,2.711188539339946,7.714967269441144,ANC,73.80156312404506,64.99839167362715
EC156,77.74025847828199,72.61954974232879,-5.120708735953201,Random Forest,1.479448061412885,1.4232292566281324,-0.05621880478475272,No Change Baseline,6.051404139539403,9.588869578569005,3.537465439029602,Average Swing Baseline,6.678165387231561,6.424396102579205,-0.25376928465235604,No Change Baseline,4.3970459624914975,4.229958874379179,-0.16708708811231876,No Change Baseline,3.6536779710426686,5.713996445515678,2.06031847447301,Random Forest,70.11766037727818,75.12143910737939,0.0,3.925118621678731,7.086980213518406,12.090758943619605,3.9225067375286065,8.926285467629803,1.7280695093285798,6.731848239429778,3.2121070804650795,8.215885810566277,ANC,72.61954974232879,63.03068016375978
EC157,63.62888424783242,59.79686332808524,-3.8320209197471797,Random Forest,1.977090057591292,1.9649814203725227,-0.012108637218769314,No Change Baseline,7.003354218087463,10.8527116829833,3.849357464895837,Average Swing Baseline,16.311625846465414,16.211725713406338,-0.09990013305907652,No Change Baseline,4.983228909562686,4.952709252244956,-0.030519657317729987,No Change Baseline,6.095816720460718,6.221008602907646,0.12519188244692803,Random Forest,57.294973963034636,62.29875269313584,0.0,4.466870785423121,8.3508223179327,13.3546010480339,13.70983634835574,18.713615078456936,2.450819887194357,7.454598617295555,3.719119237857047,8.722897967958245,ANC,59.79686332808524,43.5851376146789
EC441,73.03932218118618,71.35399789393477,-1.6853242872514045,Random Forest,5.213990875515968,5.251560883329624,0.03757000781365605,No Change Baseline,11.759129421523513,15.788314251020307,4.029184829496794,Average Swing Baseline,1.3192976912290404,1.3288040416909805,0.00950635046194015,No Change Baseline,1.7399719550490786,1.7525095220505296,0.012537567001450922,No Change Baseline,6.92828787549621,4.524813407973792,-2.4034744675224182,Random Forest,68.85210852888417,73.85588725898538,2.7496715182790252,7.753450248380223,13.286424885969708,18.290203616070905,0.0,3.830693406741579,0.0,4.254398887101129,2.0229240429231927,7.0267027730243905,ANC,71.35399789393477,55.565683642914465
EC442,76.08881645956407,71.32430169836259,-4.764514761201482,Random Forest,4.110816866979018,3.974173976225318,-0.13664289075370029,No Change Baseline,10.09370543898961,13.544251504488868,3.450546065499257,Average Swing Baseline,2.6685679364432677,2.5798651679163362,-0.08870276852693149,No Change Baseline,2.7907924220818905,2.6980269313323513,-0.09276549074953921,No Change Baseline,4.2473008759421305,5.879380721674542,1.6320798457324113,Random Forest,68.82241233331199,73.82619106341319,1.472284611174719,6.476063341275917,11.042362139438268,16.046140869539467,0.07797580286573735,5.081754532966935,0.19613756628175238,5.19991629638295,3.377491356623943,8.381270086725142,ANC,71.32430169836259,57.78005019387372
EC443,74.42173741621764,71.49952868748689,-2.9222087287307517,Random Forest,1.8481403600998816,1.8733166690008498,0.025176308900968225,No Change Baseline,7.064003154159548,11.129815741042602,4.065812586883054,Average Swing Baseline,1.4489420423183073,1.4686802684966662,0.019738226178358964,No Change Baseline,6.963792876856354,7.058657208795202,0.09486433193884736,No Change Baseline,8.253384150348268,6.970001425177802,-1.2833827251704655,Random Forest,68.99763932243629,74.00141805253749,0.0,4.375206034051448,8.627926375992004,13.6317051060932,0.0,3.970569633547265,4.556767843744603,9.560546573845802,4.468112060127203,9.4718907902284,ANC,71.49952868748689,60.36971294644428
EC444,80.93291504262129,75.75057667220673,-5.182338370414556,Random Forest,1.394302373482904,1.3481859282704651,-0.04611644521243896,No Change Baseline,11.756504103685394,15.15436367671974,3.3978595730343457,Average Swing Baseline,1.033051303989606,0.9988832104912992,-0.03416809349830685,No Change Baseline,1.6224609436891972,1.5687981710783594,-0.05366277261083785,No Change Baseline,3.2607662325316227,5.179192341233405,1.918426108701782,Random Forest,73.24868730715613,78.25246603725734,0.0,3.850075293321064,12.652474311669142,17.656253041770338,0.0,3.500772575541898,0.0,4.0706875361289585,2.6773029761828058,7.6810817062840036,ANC,75.75057667220673,60.596212995486994
NMA,39.60320502844824,38.82870249334368,-0.7745025351045598,Random Forest,40.03894314528526,43.047844575241236,3.0089014299559764,No Change Baseline,6.399049574699861,11.09047087526068,4.691421300560819,Average Swing Baseline,1.0749219049498788,1.1557016109765488,0.08077970602666995,No Change Baseline,0.2592414057488584,0.2787232345681436,0.019481828819285174,No Change Baseline,12.624638940867925,5.598557210609725,-7.0260817302582,Random Forest,36.326813128293075,41.33059185839428,40.545955210190634,45.54973394029184,8.58858151021008,13.59236024031128,0.0,3.657590976027148,0.0,2.7806125996187423,3.096667845559126,8.100446575660325,DA,43.047844575241236,4.219142081897559
