MuniCode,ANC,DA,EFF,UDM,ATM,OTHER,Scenario
BUF,60.577929499904705,19.514556882078764,12.38493221284722,1.1051529125853534,0.8902312155147345,5.527197277069216,Validated status quo
EC101,49.23050817620417,41.98483128930502,4.353133939955225,0.0,0.1546508110247251,4.276875783510844,Validated status quo
EC102,52.74908281801057,34.59778245667994,5.7662970761133225,0.0,0.2507085685266661,6.636129080669515,Validated status quo
EC104,58.10498114456134,19.81035572720392,6.537043844614745,0.0,0.9276376503310446,14.61998163328894,Validated status quo
EC105,49.1507224795874,28.326676203269813,13.841502569421785,0.0,0.26261779428590437,8.418480953435093,Validated status quo
EC106,64.78205012212037,22.055173030002674,5.774867240150438,0.0,0.7586765307771054,6.6292330769494185,Validated status quo
EC108,37.75256848993323,54.16056327771704,1.8936846703221852,0.8183317530097429,0.10635358522870302,5.268498223789088,Validated status quo
EC109,54.20490215342664,33.15498554149477,3.2039613336602786,0.0,0.9732169238763305,8.462934047542003,Validated status quo
EC121,70.05858882351404,1.384010761067165,6.078158802818965,13.22618844039283,2.1289711577505295,7.1240820144564605,Validated status quo
EC122,74.24782881168358,2.047898262108031,8.0512973597192,7.9884783946238604,2.414342225164171,5.250154946701156,Validated status quo
EC123,65.92095225538743,18.275415883013974,10.427201867950973,0.9203446847560997,0.6068206712677578,3.8492646376237474,Validated status quo
EC124,77.41386540464825,10.168542079143863,7.455733149902303,0.0,1.0599717008294842,3.901887665476103,Validated status quo
EC126,79.73830537199918,2.831172575875529,12.293969889440158,0.0,1.9440353277288447,3.192516834956283,Validated status quo
EC129,77.12124811401625,7.3084835350810495,8.032747669188181,0.0,1.8092289832241377,5.728291698490385,Validated status quo
EC131,50.27462146452019,37.02547138515544,2.610476104746123,0.0,0.2623594075121732,9.827071638066077,Validated status quo
EC135,79.27905053521391,1.8922687097337125,9.108120056184935,3.3416063733371635,1.370843554162645,5.008110771367623,Validated status quo
EC136,79.70554492349001,6.222698805308175,5.225020476810666,2.452625890889707,1.3494238930318856,5.044686010469558,Validated status quo
EC137,80.23189842788557,1.322787207962114,5.4731837687239775,4.960452029857928,2.9762712179147566,5.035407347655671,Validated status quo
EC138,72.11673330565058,8.668852882065776,7.240382778720527,3.207055428098647,3.389115343230885,5.377860262233579,Validated status quo
EC139,70.86833753303752,11.649253776050115,9.329621664503296,1.5082718046885937,1.1220070742195638,5.522508147500926,Validated status quo
EC141,78.62276183016158,3.309882536541995,7.430703696653163,2.8226232777450666,2.0638910033327056,5.7501376555655055,Validated status quo
EC142,75.7858391350095,3.517880555744078,11.68265328023405,1.3570570050319875,0.9233969152696995,6.733173108710689,Validated status quo
EC145,56.5607036099254,23.199127070495713,12.680418232181415,0.0,1.6122246038059227,5.9475264835915596,Validated status quo
EC153,77.0626870350342,2.618424969884946,9.570317305660112,2.049051661826686,2.3692159839871056,6.330303043606968,Validated status quo
EC154,77.17802418403907,3.312979761539564,7.437835986381314,2.249683490247024,4.103904574175887,5.717572003617151,Validated status quo
EC155,77.50408068810893,1.4523941423601654,4.978639536071145,3.334222129697015,7.377184670209206,5.353478833553521,Validated status quo
EC156,75.82508333690276,1.4430010234734474,5.902324383370045,6.5136450140041156,4.288722253673136,6.027223988576492,Validated status quo
EC157,63.950931131885405,1.9870967660235728,7.038800516266598,16.394184394203446,5.008450683633038,5.62053650798793,Validated status quo
EC441,74.24389150459703,5.299980357258563,11.953061760271773,1.341055635851788,1.768667687403331,5.3933430546175005,Validated status quo
EC442,74.96993777646261,4.0503677027442055,9.945278477253487,2.629326903168935,2.749754089573618,5.655335050797118,Validated status quo
EC443,75.36205759344719,1.8714916514199833,7.153256978760824,1.4672494547132666,7.051780542550497,7.094163779108236,Validated status quo
EC444,79.10601671231305,1.3628287922246571,11.491124588985176,1.009732241511905,1.5858371400432372,5.444460524921993,Validated status quo
NMA,43.30662742907441,43.78311281122851,6.997445172243989,1.1754412911676242,0.28348389896450815,4.45388939732097,Validated status quo
BUF,56.430137681338785,16.90812529127653,15.467480686799652,0.368344432785446,2.889389309053194,7.936522598746377,Trend continues (not validated)
EC101,42.23686440475686,36.909294756184295,7.16657334111113,0.0,2.1309444233900536,11.556323074557652,Trend continues (not validated)
EC102,52.03485100065801,34.22036446743832,9.20469567352523,0.0,2.2521052175535456,2.287983640824895,Trend continues (not validated)
EC104,47.38896985848102,14.972005932109017,8.86084104296735,0.0,2.806768947918353,25.971414218524266,Trend continues (not validated)
EC105,48.11717127817466,27.49971943629568,17.76489070752959,0.0,2.2642778317932537,4.353940746206808,Trend continues (not validated)
EC106,59.31197148270005,19.00606913749871,8.722004545387744,0.0,2.727594729652151,10.232360104761351,Trend continues (not validated)
EC108,33.480213142014456,51.300877610341196,4.980324454194707,0.07859316859368738,2.1059568069231482,8.054034817932816,Trend continues (not validated)
EC109,43.928772647535595,26.781339379418643,5.909643216707754,0.0,2.8469856086932337,20.533259147644785,Trend continues (not validated)
EC121,66.72679434179072,0.0,9.199466658650051,12.631598258498421,4.127296756051367,7.3148439850094364,Trend continues (not validated)
EC122,66.07619302587024,0.0,10.681502255678781,6.814628754289013,4.267936900190115,12.159739063971848,Trend continues (not validated)
EC123,63.274808603034586,16.088299109126773,13.750377789468887,0.2047881908627702,2.6201697896209386,4.061556517886032,Trend continues (not validated)
EC124,71.39055699200932,7.343502156141302,10.339418128726633,0.0,3.018503608990038,7.908019114132697,Trend continues (not validated)
EC126,76.64278291762702,0.2991283144207499,15.514921281505838,0.0,3.9528671156584276,3.5903003707879533,Trend continues (not validated)
EC129,70.83919301088,4.531084498905112,10.87400472837983,0.0,3.7424265376453847,10.013291224189679,Trend continues (not validated)
EC131,49.192524913794834,36.64597881374328,5.838273489046945,0.0,2.263390181253288,6.059832602161642,Trend continues (not validated)
EC135,76.58497961162365,0.0,12.340743556487558,2.668096514831524,3.3816401524761615,5.024540164581113,Trend continues (not validated)
EC136,77.43801182631182,3.7794173251259426,8.440135371238245,1.7728354704478266,3.3802652359476983,5.189334770928453,Trend continues (not validated)
EC137,77.0440827944513,0.0,8.589289205505459,4.285954894970296,4.983361666685513,5.0973114383874325,Trend continues (not validated)
EC138,68.98768718865777,6.198413080211908,10.432184172534418,2.513793320472543,5.433984709658038,6.4339375284653215,Trend continues (not validated)
EC139,59.73107796329253,7.904474064557742,11.496904566190603,0.6225046841622129,3.010429813823638,17.234608907973282,Trend continues (not validated)
EC141,75.97450705569861,0.7853458471950411,10.662342008936657,2.1384661315169256,4.10163842111667,6.3377005355360865,Trend continues (not validated)
EC142,70.14300761143957,0.8605286039416917,14.538106503075376,0.5935002239788155,2.9045073037466476,10.960349753817896,Trend continues (not validated)
EC145,51.25503960782384,20.11853253444814,15.47276879944438,0.0,3.5619982261273173,9.591660832156325,Trend continues (not validated)
EC153,71.74874527115162,0.0,12.513128988466795,1.2807275561711096,4.331273869652168,10.126124314558297,Trend continues (not validated)
EC154,74.41739852264126,0.7848057898442922,10.66131164257004,1.5525790476518104,6.174245902531055,6.409659094761537,Trend continues (not validated)
EC155,74.74181046841603,0.0,8.123294164066653,2.661410222468819,9.477017229896598,4.996467915151898,Trend continues (not validated)
EC156,72.85415524119126,0.0,9.04764137797112,5.877608683182523,6.327247782629125,5.893346915025981,Trend continues (not validated)
EC157,59.188388039259515,0.0,10.03859377343674,15.481947899594537,6.941186538597786,8.34988374911142,Trend continues (not validated)
EC441,68.95854537551973,2.629147481800952,14.855378865430762,0.583711799214886,3.740114876839079,9.233101601194592,Trend continues (not validated)
EC442,72.00803965389763,1.525973473264002,13.189954882896858,1.932982044429114,4.79093534387189,6.552114601640512,Trend continues (not validated)
EC443,69.82654632550252,0.0,10.08594910504108,0.7081392668430997,8.898381154736771,10.48098414787652,Trend continues (not validated)
EC444,75.94794677655588,0.0,14.678005866796353,0.2939656305582713,3.5799827028841458,5.500099023205357,Trend continues (not validated)
NMA,35.52242822278178,37.45409975157023,9.495299018607104,0.3393360129357242,2.2593843275388568,14.929452666566302,Trend continues (not validated)
