ANC_to_DA_swing_pts,ANC_leads,DA_leads,TooClose
-10.0,33,0,1
-9.5,33,0,1
-9.0,33,0,1
-8.5,33,0,1
-8.0,32,1,1
-7.5,32,1,1
-7.0,32,1,1
-6.5,32,1,1
-6.0,32,1,1
-5.5,32,1,0
-5.0,32,1,0
-4.5,32,1,0
-4.0,32,1,0
-3.5,32,1,0
-3.0,32,1,0
-2.5,32,1,1
-2.0,32,1,1
-1.5,32,1,1
-1.0,32,1,1
-0.5,32,1,1
0.0,31,2,1
0.5,31,2,1
1.0,31,2,2
1.5,31,2,2
2.0,31,2,2
2.5,31,2,1
3.0,31,2,1
3.5,31,2,1
4.0,30,3,2
4.5,30,3,2
5.0,30,3,2
5.5,30,3,2
6.0,30,3,2
6.5,30,3,2
7.0,29,4,2
7.5,29,4,2
8.0,29,4,4
8.5,29,4,4
9.0,29,4,4
9.5,28,5,3
10.0,28,5,3
