MuniCode,RelativeTurnout_2026,AssumedLevel_%,Turnout_%,Low_%,High_%,RegisteredVoters,ExpectedVotesCast,Scenario,ScenarioKey,Municipality
BUF,-2.800198201135529,48.02586402972495,45.22566582858942,41.437665828589424,49.01366582858942,406486,183836.0,Repeat of 2021 conditions,Repeat2021,Buffalo City
EC101,-1.161433894180142,48.02586402972495,46.86443013554481,43.07643013554481,50.652430135544805,39913,18705.0,Repeat of 2021 conditions,Repeat2021,Dr Beyers Naude
EC102,4.741808215195853,48.02586402972495,52.7676722449208,48.979672244920806,56.5556722449208,17867,9428.0,Repeat of 2021 conditions,Repeat2021,Blue Crane Route
EC104,-5.100341860432167,48.02586402972495,42.92552216929278,39.13752216929279,46.71352216929278,43664,18743.0,Repeat of 2021 conditions,Repeat2021,Makana
EC105,7.508607823532479,48.02586402972495,55.53447185325743,51.74647185325743,59.322471853257426,33201,18438.0,Repeat of 2021 conditions,Repeat2021,Ndlambe
EC106,-1.6489366509600671,48.02586402972495,46.37692737876488,42.588927378764886,50.16492737876488,25034,11610.0,Repeat of 2021 conditions,Repeat2021,Sundays River Valley
EC108,8.988928283555111,48.02586402972495,57.01479231328006,53.226792313280065,60.80279231328006,60572,34535.0,Repeat of 2021 conditions,Repeat2021,Kouga
EC109,2.9792219475092523,48.02586402972495,51.0050859772342,47.217085977234206,54.7930859772342,20645,10530.0,Repeat of 2021 conditions,Repeat2021,Kou-Kamma
EC121,-2.017026543099611,48.02586402972495,46.00883748662534,42.22083748662534,49.796837486625336,122433,56330.0,Repeat of 2021 conditions,Repeat2021,Mbhashe
EC122,-5.724110918634025,48.02586402972495,42.301753111090925,38.51375311109093,46.08975311109092,121099,51227.0,Repeat of 2021 conditions,Repeat2021,Mnquma
EC123,6.866803937936048,48.02586402972495,54.892667967661,51.104667967661,58.680667967660995,17935,9845.0,Repeat of 2021 conditions,Repeat2021,Great Kei
EC124,-0.8212588994482388,48.02586402972495,47.20460513027671,43.416605130276714,50.99260513027671,49510,23371.0,Repeat of 2021 conditions,Repeat2021,Amahlathi
EC126,4.426292417298427,48.02586402972495,52.45215644702338,48.66415644702338,56.240156447023374,35846,18802.0,Repeat of 2021 conditions,Repeat2021,Ngqushwa
EC129,0.0042142092017698,48.02586402972495,48.03007823892672,44.24207823892672,51.81807823892672,78861,37877.0,Repeat of 2021 conditions,Repeat2021,Raymond Mhlaba
EC131,1.12707793922187,48.02586402972495,49.15294196894682,45.36494196894682,52.94094196894682,29691,14594.0,Repeat of 2021 conditions,Repeat2021,Inxuba Yethemba
EC135,0.0446571559257975,48.02586402972495,48.07052118565075,44.28252118565075,51.858521185650744,75098,36100.0,Repeat of 2021 conditions,Repeat2021,Intsika Yethu
EC136,4.71261309335457,48.02586402972495,52.73847712307952,48.95047712307952,56.526477123079516,59230,31237.0,Repeat of 2021 conditions,Repeat2021,Emalahleni
EC137,-1.317796556832057,48.02586402972495,46.70806747289289,42.920067472892896,50.49606747289289,70369,32868.0,Repeat of 2021 conditions,Repeat2021,Engcobo
EC138,0.2157771052157713,48.02586402972495,48.24164113494072,44.453641134940725,52.02964113494072,30028,14486.0,Repeat of 2021 conditions,Repeat2021,Sakhisizwe
EC139,-0.9882619325714472,48.02586402972495,47.0376020971535,43.249602097153506,50.8256020971535,118637,55804.0,Repeat of 2021 conditions,Repeat2021,Enoch Mgijima
EC141,-0.262667380839261,48.02586402972495,47.76319664888569,43.97519664888569,51.551196648885686,61114,29190.0,Repeat of 2021 conditions,Repeat2021,Elundini
EC142,-1.617171122618764,48.02586402972495,46.408692907106186,42.62069290710619,50.19669290710618,60187,27932.0,Repeat of 2021 conditions,Repeat2021,Senqu
EC145,-0.7785641128044318,48.02586402972495,47.24729991692052,43.45929991692052,51.035299916920515,36110,17061.0,Repeat of 2021 conditions,Repeat2021,Walter Sisulu
EC153,-3.5144424825299865,48.02586402972495,44.51142154719496,40.72342154719497,48.29942154719496,139517,62101.0,Repeat of 2021 conditions,Repeat2021,Ngquza Hill
EC154,2.9682604063258324,48.02586402972495,50.99412443605078,47.206124436050786,54.78212443605078,76248,38882.0,Repeat of 2021 conditions,Repeat2021,Port St Johns
EC155,-5.720086212323892,48.02586402972495,42.30577781740106,38.51777781740106,46.093777817401055,134601,56944.0,Repeat of 2021 conditions,Repeat2021,Nyandeni
EC156,-2.5039886272089475,48.02586402972495,45.521875402516,41.733875402516006,49.309875402516,93164,42410.0,Repeat of 2021 conditions,Repeat2021,Mhlontlo
EC157,-8.609317988081479,48.02586402972495,39.41654604164347,35.628546041643474,43.20454604164347,206563,81420.0,Repeat of 2021 conditions,Repeat2021,King Sabata Dalindyebo
EC441,4.337284954473695,48.02586402972495,52.363148984198645,48.57514898419865,56.15114898419864,99232,51961.0,Repeat of 2021 conditions,Repeat2021,Matatiele
EC442,-1.003571036094378,48.02586402972495,47.02229299363057,43.234292993630575,50.81029299363057,106760,50201.0,Repeat of 2021 conditions,Repeat2021,Umzimvubu
EC443,-1.4082511647279077,48.02586402972495,46.61761286499704,42.829612864997046,50.40561286499704,133323,62152.0,Repeat of 2021 conditions,Repeat2021,Winnie Madikizela-Mandela
EC444,0.3176284217273846,48.02586402972495,48.343492451452335,44.55549245145234,52.13149245145233,67099,32438.0,Repeat of 2021 conditions,Repeat2021,Ntabankulu
NMA,-2.2417503259514007,48.02586402972495,45.78411370377355,41.99611370377355,49.572113703773546,583270,267045.0,Repeat of 2021 conditions,Repeat2021,Nelson Mandela Bay
BUF,-2.800198201135529,52.127797115506155,49.327598914370625,45.53959891437063,53.11559891437062,406486,200510.0,Partial recovery (half the 2021 drop regained),PartialRecovery,Buffalo City
EC101,-1.161433894180142,52.127797115506155,50.96636322132601,47.178363221326016,54.75436322132601,39913,20342.0,Partial recovery (half the 2021 drop regained),PartialRecovery,Dr Beyers Naude
EC102,4.741808215195853,52.127797115506155,56.86960533070201,53.08160533070201,60.657605330702005,17867,10161.0,Partial recovery (half the 2021 drop regained),PartialRecovery,Blue Crane Route
EC104,-5.100341860432167,52.127797115506155,47.02745525507399,43.23945525507399,50.815455255073985,43664,20534.0,Partial recovery (half the 2021 drop regained),PartialRecovery,Makana
EC105,7.508607823532479,52.127797115506155,59.636404939038634,55.84840493903864,63.42440493903863,33201,19800.0,Partial recovery (half the 2021 drop regained),PartialRecovery,Ndlambe
EC106,-1.6489366509600671,52.127797115506155,50.47886046454609,46.69086046454609,54.266860464546085,25034,12637.0,Partial recovery (half the 2021 drop regained),PartialRecovery,Sundays River Valley
EC108,8.988928283555111,52.127797115506155,61.116725399061266,57.32872539906127,64.90472539906126,60572,37020.0,Partial recovery (half the 2021 drop regained),PartialRecovery,Kouga
EC109,2.9792219475092523,52.127797115506155,55.10701906301541,51.31901906301541,58.895019063015404,20645,11377.0,Partial recovery (half the 2021 drop regained),PartialRecovery,Kou-Kamma
EC121,-2.017026543099611,52.127797115506155,50.110770572406544,46.32277057240655,53.89877057240654,122433,61352.0,Partial recovery (half the 2021 drop regained),PartialRecovery,Mbhashe
EC122,-5.724110918634025,52.127797115506155,46.40368619687213,42.61568619687213,50.191686196872126,121099,56194.0,Partial recovery (half the 2021 drop regained),PartialRecovery,Mnquma
EC123,6.866803937936048,52.127797115506155,58.9946010534422,55.206601053442206,62.7826010534422,17935,10581.0,Partial recovery (half the 2021 drop regained),PartialRecovery,Great Kei
EC124,-0.8212588994482388,52.127797115506155,51.306538216057916,47.51853821605792,55.09453821605791,49510,25402.0,Partial recovery (half the 2021 drop regained),PartialRecovery,Amahlathi
EC126,4.426292417298427,52.127797115506155,56.55408953280458,52.766089532804585,60.34208953280458,35846,20272.0,Partial recovery (half the 2021 drop regained),PartialRecovery,Ngqushwa
EC129,0.0042142092017698,52.127797115506155,52.132011324707925,48.34401132470793,55.92001132470792,78861,41112.0,Partial recovery (half the 2021 drop regained),PartialRecovery,Raymond Mhlaba
EC131,1.12707793922187,52.127797115506155,53.254875054728025,49.46687505472803,57.04287505472802,29691,15812.0,Partial recovery (half the 2021 drop regained),PartialRecovery,Inxuba Yethemba
EC135,0.0446571559257975,52.127797115506155,52.17245427143195,48.384454271431956,55.96045427143195,75098,39180.0,Partial recovery (half the 2021 drop regained),PartialRecovery,Intsika Yethu
EC136,4.71261309335457,52.127797115506155,56.840410208860725,53.05241020886073,60.62841020886072,59230,33667.0,Partial recovery (half the 2021 drop regained),PartialRecovery,Emalahleni
EC137,-1.317796556832057,52.127797115506155,50.8100005586741,47.0220005586741,54.598000558674094,70369,35754.0,Partial recovery (half the 2021 drop regained),PartialRecovery,Engcobo
EC138,0.2157771052157713,52.127797115506155,52.343574220721926,48.55557422072193,56.13157422072192,30028,15718.0,Partial recovery (half the 2021 drop regained),PartialRecovery,Sakhisizwe
EC139,-0.9882619325714472,52.127797115506155,51.13953518293471,47.35153518293471,54.927535182934704,118637,60670.0,Partial recovery (half the 2021 drop regained),PartialRecovery,Enoch Mgijima
EC141,-0.262667380839261,52.127797115506155,51.865129734666894,48.0771297346669,55.65312973466689,61114,31697.0,Partial recovery (half the 2021 drop regained),PartialRecovery,Elundini
EC142,-1.617171122618764,52.127797115506155,50.51062599288739,46.722625992887394,54.29862599288739,60187,30401.0,Partial recovery (half the 2021 drop regained),PartialRecovery,Senqu
EC145,-0.7785641128044318,52.127797115506155,51.34923300270172,47.56123300270173,55.13723300270172,36110,18542.0,Partial recovery (half the 2021 drop regained),PartialRecovery,Walter Sisulu
EC153,-3.5144424825299865,52.127797115506155,48.61335463297617,44.82535463297617,52.401354632976165,139517,67824.0,Partial recovery (half the 2021 drop regained),PartialRecovery,Ngquza Hill
EC154,2.9682604063258324,52.127797115506155,55.09605752183199,51.30805752183199,58.884057521831984,76248,42010.0,Partial recovery (half the 2021 drop regained),PartialRecovery,Port St Johns
EC155,-5.720086212323892,52.127797115506155,46.40771090318226,42.619710903182266,50.19571090318226,134601,62465.0,Partial recovery (half the 2021 drop regained),PartialRecovery,Nyandeni
EC156,-2.5039886272089475,52.127797115506155,49.62380848829721,45.83580848829721,53.411808488297204,93164,46232.0,Partial recovery (half the 2021 drop regained),PartialRecovery,Mhlontlo
EC157,-8.609317988081479,52.127797115506155,43.518479127424676,39.73047912742468,47.30647912742467,206563,89893.0,Partial recovery (half the 2021 drop regained),PartialRecovery,King Sabata Dalindyebo
EC441,4.337284954473695,52.127797115506155,56.46508206997985,52.67708206997985,60.25308206997985,99232,56031.0,Partial recovery (half the 2021 drop regained),PartialRecovery,Matatiele
EC442,-1.003571036094378,52.127797115506155,51.12422607941178,47.33622607941178,54.912226079411774,106760,54580.0,Partial recovery (half the 2021 drop regained),PartialRecovery,Umzimvubu
EC443,-1.4082511647279077,52.127797115506155,50.71954595077825,46.93154595077825,54.507545950778244,133323,67621.0,Partial recovery (half the 2021 drop regained),PartialRecovery,Winnie Madikizela-Mandela
EC444,0.3176284217273846,52.127797115506155,52.44542553723354,48.65742553723354,56.233425537233536,67099,35190.0,Partial recovery (half the 2021 drop regained),PartialRecovery,Ntabankulu
NMA,-2.2417503259514007,52.127797115506155,49.886046789554754,46.09804678955476,53.67404678955475,583270,290970.0,Partial recovery (half the 2021 drop regained),PartialRecovery,Nelson Mandela Bay
BUF,-2.800198201135529,56.22973020128737,53.42953200015184,49.64153200015184,57.217532000151834,406486,217184.0,Return to 2016 participation,Return2016,Buffalo City
EC101,-1.161433894180142,56.22973020128737,55.068296307107225,51.28029630710723,58.85629630710722,39913,21979.0,Return to 2016 participation,Return2016,Dr Beyers Naude
EC102,4.741808215195853,56.22973020128737,60.97153841648322,57.18353841648322,64.75953841648322,17867,10894.0,Return to 2016 participation,Return2016,Blue Crane Route
EC104,-5.100341860432167,56.22973020128737,51.1293883408552,47.341388340855204,54.9173883408552,43664,22325.0,Return to 2016 participation,Return2016,Makana
EC105,7.508607823532479,56.22973020128737,63.738338024819846,59.95033802481985,67.52633802481985,33201,21162.0,Return to 2016 participation,Return2016,Ndlambe
EC106,-1.6489366509600671,56.22973020128737,54.5807935503273,50.7927935503273,58.3687935503273,25034,13664.0,Return to 2016 participation,Return2016,Sundays River Valley
EC108,8.988928283555111,56.22973020128737,65.21865848484248,61.43065848484248,69.00665848484248,60572,39504.0,Return to 2016 participation,Return2016,Kouga
EC109,2.9792219475092523,56.22973020128737,59.20895214879662,55.42095214879662,62.996952148796616,20645,12224.0,Return to 2016 participation,Return2016,Kou-Kamma
EC121,-2.017026543099611,56.22973020128737,54.212703658187756,50.42470365818776,58.00070365818775,122433,66374.0,Return to 2016 participation,Return2016,Mbhashe
EC122,-5.724110918634025,56.22973020128737,50.50561928265334,46.717619282653345,54.29361928265334,121099,61162.0,Return to 2016 participation,Return2016,Mnquma
EC123,6.866803937936048,56.22973020128737,63.096534139223415,59.30853413922342,66.88453413922342,17935,11316.0,Return to 2016 participation,Return2016,Great Kei
EC124,-0.8212588994482388,56.22973020128737,55.40847130183913,51.62047130183913,59.196471301839125,49510,27433.0,Return to 2016 participation,Return2016,Amahlathi
EC126,4.426292417298427,56.22973020128737,60.656022618585794,56.8680226185858,64.44402261858579,35846,21743.0,Return to 2016 participation,Return2016,Ngqushwa
EC129,0.0042142092017698,56.22973020128737,56.23394441048914,52.44594441048914,60.021944410489134,78861,44347.0,Return to 2016 participation,Return2016,Raymond Mhlaba
EC131,1.12707793922187,56.22973020128737,57.35680814050924,53.56880814050924,61.144808140509234,29691,17030.0,Return to 2016 participation,Return2016,Inxuba Yethemba
EC135,0.0446571559257975,56.22973020128737,56.274387357213165,52.48638735721317,60.06238735721316,75098,42261.0,Return to 2016 participation,Return2016,Intsika Yethu
EC136,4.71261309335457,56.22973020128737,60.94234329464194,57.15434329464194,64.73034329464194,59230,36096.0,Return to 2016 participation,Return2016,Emalahleni
EC137,-1.317796556832057,56.22973020128737,54.91193364445531,51.12393364445531,58.69993364445531,70369,38641.0,Return to 2016 participation,Return2016,Engcobo
EC138,0.2157771052157713,56.22973020128737,56.44550730650314,52.65750730650314,60.233507306503135,30028,16949.0,Return to 2016 participation,Return2016,Sakhisizwe
EC139,-0.9882619325714472,56.22973020128737,55.24146826871592,51.45346826871592,59.02946826871592,118637,65537.0,Return to 2016 participation,Return2016,Enoch Mgijima
EC141,-0.262667380839261,56.22973020128737,55.967062820448106,52.17906282044811,59.7550628204481,61114,34204.0,Return to 2016 participation,Return2016,Elundini
EC142,-1.617171122618764,56.22973020128737,54.6125590786686,50.82455907866861,58.4005590786686,60187,32870.0,Return to 2016 participation,Return2016,Senqu
EC145,-0.7785641128044318,56.22973020128737,55.451166088482935,51.66316608848294,59.23916608848293,36110,20023.0,Return to 2016 participation,Return2016,Walter Sisulu
EC153,-3.5144424825299865,56.22973020128737,52.71528771875738,48.927287718757384,56.50328771875738,139517,73547.0,Return to 2016 participation,Return2016,Ngquza Hill
EC154,2.9682604063258324,56.22973020128737,59.1979906076132,55.4099906076132,62.985990607613196,76248,45137.0,Return to 2016 participation,Return2016,Port St Johns
EC155,-5.720086212323892,56.22973020128737,50.509643988963475,46.72164398896348,54.29764398896347,134601,67986.0,Return to 2016 participation,Return2016,Nyandeni
EC156,-2.5039886272089475,56.22973020128737,53.72574157407842,49.93774157407842,57.513741574078416,93164,50053.0,Return to 2016 participation,Return2016,Mhlontlo
EC157,-8.609317988081479,56.22973020128737,47.62041221320589,43.83241221320589,51.408412213205885,206563,98366.0,Return to 2016 participation,Return2016,King Sabata Dalindyebo
EC441,4.337284954473695,56.22973020128737,60.56701515576106,56.779015155761066,64.35501515576107,99232,60102.0,Return to 2016 participation,Return2016,Matatiele
EC442,-1.003571036094378,56.22973020128737,55.22615916519299,51.43815916519299,59.014159165192986,106760,58959.0,Return to 2016 participation,Return2016,Umzimvubu
EC443,-1.4082511647279077,56.22973020128737,54.82147903655946,51.03347903655946,58.609479036559456,133323,73090.0,Return to 2016 participation,Return2016,Winnie Madikizela-Mandela
EC444,0.3176284217273846,56.22973020128737,56.54735862301475,52.759358623014755,60.33535862301475,67099,37943.0,Return to 2016 participation,Return2016,Ntabankulu
NMA,-2.2417503259514007,56.22973020128737,53.98797987533597,50.19997987533597,57.77597987533596,583270,314896.0,Return to 2016 participation,Return2016,Nelson Mandela Bay
