MuniCode,Pop_2011,Pop_2022,U15_2011,U15_2022,O65_2011,O65_2022,Med_2011,Med_2022,NoSch_2011,NoSch_2022,Matric_2011,Matric_2022,Higher_2011,Higher_2022,Formal_2011,Formal_2022,Water_2011,Water_2022,Elec_2011,Elec_2022
BUF,781853,975255,26.5,24.8,6.1,7.8,27,30,5.1,4.1,27.1,33.6,13.2,15.0,71.9,85.6,69.1,83.7,81.1,94.6
EC101,79292,101001,30.2,28.3,6.8,8.1,26,28,9.3,4.2,18.4,27.4,7.6,8.0,95.3,97.2,96.9,98.1,92.1,97.3
EC102,36002,49883,29.2,25.0,7.0,9.2,27,31,10.5,7.8,19.0,27.2,6.1,7.7,95.9,97.2,91.4,87.4,86.9,92.2
EC104,80390,97815,24.4,21.9,6.2,8.2,26,31,6.3,3.8,23.0,29.6,11.7,16.6,85.4,89.6,85.2,89.7,89.5,95.2
EC105,61176,87797,25.2,21.3,9.9,15.1,25,35,9.7,6.3,20.4,28.2,9.6,14.6,83.6,90.9,86.0,90.4,86.3,93.4
EC106,54504,53256,26.7,24.1,5.2,5.6,27,29,8.8,5.4,15.3,20.5,3.7,3.3,84.6,87.8,72.6,84.2,79.8,94.4
EC108,98558,107014,26.8,21.3,7.9,14.8,28,35,4.9,4.5,24.7,34.5,9.3,16.1,76.1,84.7,82.4,88.2,86.9,96.9
EC109,40663,36487,29.7,27.0,4.5,5.9,26,29,5.3,3.3,17.8,26.4,3.7,4.8,90.6,94.1,89.6,95.2,87.1,97.7
EC121,261670,240020,38.0,33.4,8.2,9.6,19,24,21.4,16.0,10.2,16.5,4.9,5.6,30.6,69.2,7.5,31.5,48.9,90.5
EC122,245629,232993,34.2,29.9,8.9,10.8,21,28,11.0,7.6,13.7,20.6,8.1,8.6,49.1,79.0,18.1,39.4,62.3,94.9
EC123,30832,35990,28.4,24.9,9.6,12.3,27,33,19.0,10.6,15.6,25.2,5.3,8.6,68.5,85.5,51.0,50.4,78.3,90.1
EC124,101035,115703,30.7,27.8,8.4,9.5,25,29,10.1,7.1,14.1,22.9,4.8,6.1,61.5,84.3,41.4,69.7,87.3,94.8
EC126,64422,68300,29.8,26.1,11.8,13.6,27,32,14.4,8.4,14.5,22.8,3.7,5.2,71.6,89.4,21.5,50.5,91.5,97.4
EC129,151379,178594,29.0,25.9,9.1,9.9,26,30,7.1,4.6,16.8,25.6,6.8,8.7,73.6,88.6,49.3,69.2,89.0,97.4
EC131,65560,77578,29.1,27.1,6.2,7.7,26,29,10.7,6.9,20.2,28.9,8.6,7.6,97.0,98.8,95.8,96.7,95.6,98.1
EC135,150718,128101,36.2,31.6,10.1,12.5,21,28,13.8,10.4,10.1,16.1,5.0,5.1,33.7,63.4,9.2,36.1,64.1,96.1
EC136,120758,128873,35.1,30.6,9.9,11.8,21,28,18.8,12.0,11.0,17.8,3.8,4.2,55.8,83.4,29.2,59.7,78.6,95.5
EC137,155513,132799,39.5,33.8,7.6,9.2,19,25,19.7,13.2,9.6,17.3,5.1,5.1,30.7,67.1,7.4,33.5,50.9,92.7
EC138,63154,63981,35.0,30.4,7.4,8.7,21,27,12.7,7.8,14.2,22.1,6.3,6.9,64.5,83.2,45.4,70.9,79.1,96.8
EC139,250776,297055,31.0,27.6,7.2,8.5,24,28,9.7,6.7,20.4,29.4,9.9,10.8,87.7,96.0,71.5,82.8,88.7,96.5
EC141,137045,141762,35.3,30.9,8.3,9.2,21,26,16.0,8.9,11.9,19.7,5.1,5.6,33.2,76.5,17.7,53.3,46.5,90.6
EC142,134150,147073,34.0,31.1,7.7,9.2,22,26,14.5,10.7,13.3,22.4,5.3,6.2,70.2,88.5,41.1,65.5,81.1,96.1
EC145,77477,104213,32.1,28.3,6.0,7.1,24,27,12.7,8.4,19.6,27.8,8.7,9.1,90.2,94.4,86.8,94.2,87.0,94.7
EC153,278481,354573,42.4,38.3,5.4,5.4,17,20,20.8,12.9,12.7,20.2,5.2,7.2,40.5,76.6,8.4,21.0,62.8,93.2
EC154,156136,179325,42.5,36.8,5.6,5.8,23,21,23.5,14.8,12.0,20.2,3.9,5.2,24.6,66.0,7.5,24.3,67.8,91.9
EC155,290390,304856,40.6,36.7,5.4,6.0,18,21,18.2,12.7,15.2,21.2,4.1,6.2,33.8,73.1,6.4,31.8,71.0,93.0
EC156,190745,186391,38.3,33.3,7.2,8.2,19,24,14.7,11.4,12.4,19.2,4.8,5.4,34.3,72.1,13.0,39.5,72.4,95.7
EC157,450287,476558,35.0,31.8,5.1,5.9,20,25,14.0,10.2,19.1,25.6,10.5,12.5,60.2,84.6,38.4,67.4,73.3,95.1
EC441,203843,225562,38.4,33.6,6.9,8.0,19,23,9.4,4.6,12.9,22.0,5.6,7.3,49.7,75.8,27.6,53.4,44.9,84.5
EC442,191775,214477,38.3,33.2,6.7,7.5,19,23,8.0,4.2,13.9,23.4,6.3,8.2,37.7,73.5,17.2,45.7,45.2,89.9
EC443,281905,350000,44.2,38.2,5.2,5.2,17,20,19.4,11.6,13.1,22.9,5.0,7.8,43.7,70.4,6.9,31.4,60.0,93.3
EC444,123821,146423,41.5,37.4,6.3,6.5,18,20,17.9,12.7,9.8,17.9,3.8,5.3,24.7,56.2,8.0,28.8,23.3,95.9
NMA,1152115,1190496,25.5,22.3,6.0,8.8,28,32,3.0,2.5,30.9,37.0,11.6,12.8,87.2,92.0,90.4,93.8,90.5,96.5
