MuniCode,2011,2016,2021,Change_2011_2021_pts
NMA,64.68224840641298,63.53368340016775,45.78411370377355,-18.89813470263943
EC106,64.68501143262635,57.68799102132436,46.37692737876488,-18.30808405386147
EC101,62.35411105877427,61.31044097145792,46.86443013554481,-15.489680923229464
EC145,61.9177304964539,57.35788237222389,47.24729991692052,-14.670430579533381
EC142,59.33658972639913,57.76729802860456,46.408692907106186,-12.927896819292947
EC104,55.79819948301988,52.58631837579206,42.92552216929278,-12.872677313727095
EC135,60.43742810018157,57.87933998819575,48.07052118565075,-12.366906914530823
EC122,54.57690433652753,51.1882404215698,42.301753111090925,-12.275151225436602
EC105,67.14926841263986,65.23291249455812,55.53447185325743,-11.614796559382427
EC155,53.90975985974258,50.66942442843163,42.30577781740106,-11.60398204234152
EC108,68.26674443472344,66.11230544328834,57.01479231328006,-11.251952121443374
BUF,56.26146371879141,55.74951556399805,45.22566582858942,-11.03579789020199
EC156,56.31196883852692,53.10672703084555,45.521875402516,-10.79009343601092
EC109,61.704074492706816,59.31514231127223,51.0050859772342,-10.698988515472614
EC124,57.891270600410834,53.81244687883653,47.20460513027671,-10.686665470134123
EC121,56.57431394072448,53.28622778457678,46.00883748662534,-10.56547645409914
EC131,59.54758912626497,56.96767722522406,49.15294196894682,-10.394647157318147
EC443,56.51447518356366,56.51989228960443,46.61761286499704,-9.896862318566619
EC139,56.85705703128352,53.76499809869012,47.0376020971535,-9.819454934130015
EC136,62.09620514585664,59.63950480714483,52.73847712307952,-9.357728022777124
EC138,57.56557517572433,55.11556542178114,48.24164113494072,-9.323934040783605
EC129,56.91932938120627,54.84975229921773,48.03007823892672,-8.889251142279548
EC153,53.19939926631706,52.14336886120736,44.51142154719496,-8.687977719122095
EC157,47.79798602548294,45.112710830266856,39.41654604164347,-8.38143998383947
EC137,54.89530114413183,51.02593408985768,46.70806747289289,-8.187233671238936
EC141,55.908289241622576,54.49110231167734,47.76319664888569,-8.145092592736887
EC442,54.82132574234835,54.259998646545306,47.02229299363057,-7.799032748717778
EC441,59.93255876068376,59.29563746347465,52.363148984198645,-7.5694097764851165
EC102,59.039596584722936,59.83017635532332,52.7676722449208,-6.271924339802133
EC123,60.98957844333865,59.29884082555839,54.892667967661,-6.096910475677653
EC444,53.962245272320985,53.49486255983286,48.343492451452335,-5.61875282086865
EC154,56.56948793719402,55.96372599417401,50.99412443605078,-5.5753635011432365
EC126,46.679334916864605,57.211452047759664,52.45215644702338,5.772821530158772
