Variable,Label,Pooled_r,r_2011,r_2011_lo,r_2011_hi,r_2016,r_2016_lo,r_2016_hi,r_2021,r_2021_lo,r_2021_hi,WithinYear_r,WithinYear_lo,WithinYear_hi,SignFlip
U15,Population aged under 15 (%),-0.12688722919444723,-0.47007104515686987,-0.7003600888485002,-0.15114903293101245,-0.5163610916492145,-0.730225584322086,-0.21033294054655371,-0.33857907956947786,-0.6108850793573741,0.005358597255871439,-0.4477643258712491,-0.5948527030495344,-0.27166249865951203,False
O65,Population aged 65+ (%),0.05657979267639112,0.017164745174869028,-0.32808341894251547,0.358367713848729,0.39980299456174057,0.06547521211101322,0.6534292188542148,0.5905439764329162,0.3100995278328449,0.7764411627338051,0.346256833435964,0.1566414930605361,0.5112546220752942,False
Med,Median age (years),0.061222551060303644,0.46266081141700943,0.14188236828104792,0.6955030802251848,0.5972166470189298,0.3193867783971275,0.7805024434500558,0.4608426830603908,0.1396173149072854,0.6943081353377207,0.5023883785934887,0.33571308302474934,0.6385598542654641,False
Matric,Adults with matric (%),-0.14650018542813026,0.35774811940947276,0.016454234432745386,0.624376817067704,0.41771936058992437,0.08686127162337391,0.6655833564776119,0.12749154943832264,-0.2257021726866704,0.45106342054733845,0.3060352255994519,0.11244496644972504,0.4772426452817669,True
Higher,Adults with higher education (%),-0.06333910015301812,0.1511052697297043,-0.2027262940886023,0.4700361545712239,0.15140433634864317,-0.20243278581954516,0.47027456811897794,-0.029096687357176576,-0.3687281404627658,0.3173886077919057,0.08728240105322407,-0.11522344696796731,0.2828227559829197,True
NoSch,Adults with no schooling (%),0.0028692929664758207,-0.40291185173946314,-0.6555476296813727,-0.06916423892500688,-0.40756552214472946,-0.6587112803741676,-0.07470347997867864,-0.1165616936287914,-0.44218155539776494,0.23620542006992482,-0.3323956040050558,-0.4995914410909928,-0.14132417797622107,True
Water,Households with piped water (%),0.17822655952131733,0.5919785622635089,0.31209172673582297,0.7773156197308837,0.5316713380085426,0.23041418921573917,0.7399268211033339,0.19928777607500522,-0.15460484430329174,0.5078558663891543,0.4680843493147747,0.2953083289025024,0.6112138927877363,False
Elec,Households with electricity (%),-0.19592526732923185,0.33936695458279226,-0.004468462334696963,0.6114427433243014,0.36262076172244984,0.022051183621799874,0.6277811541096462,-0.0128187496050853,-0.3545731183953423,0.3319569462985129,0.2831835846710684,0.08767164332090961,0.4576877352931127,True
Formal,Households in formal dwellings (%),-0.0011791453607681941,0.4562527999923425,0.13391408137585645,0.6912857473476319,0.4654278995435116,0.14533610953929343,0.6973192500704022,0.17426746684145367,-0.17980480038513624,0.4883641227477023,0.3952776458623893,0.21155352857790755,0.5520201166206458,True
Pop,Population,-0.13444201648742618,-0.06090263917308438,-0.3959388398889899,0.28844315216762817,-0.04381436447911935,-0.3813922148618915,0.30407435609968053,-0.3955066344260889,-0.6504950768615491,-0.06039207007561245,-0.16073693928732227,-0.34994898662572804,0.04107631816721007,False
Margin_pts,Victory margin (same election),-0.21736106661050278,-0.5663544146893761,-0.7615877305028808,-0.2768744997903813,-0.5417566284919932,-0.7462703202901171,-0.24378395662665378,-0.20702028012798165,-0.5138165310090754,0.14672254765236786,-0.4551993190162763,-0.6008533506993351,-0.28028979241965657,False
ENP,Effective number of parties (same election),-0.15046226945744653,0.4330414106999499,0.10539574881907439,0.6758742980341363,0.36383821785405007,0.023452952975874988,0.6286301652422457,-0.02123978389037059,-0.36191551822509527,0.32444081422384496,0.22287576879903348,0.023433341246830035,0.40525670278599485,True
NumberOfParties,Parties contesting (same election),-0.45948786147273674,-0.2546476289438333,-0.5498887849895205,0.09716143954272545,-0.07194034422786293,-0.40524629411906954,0.2782466404200008,-0.3819419588064195,-0.6411810419822664,-0.0444565904731202,-0.24025802527503065,-0.42049274733868786,-0.0417810571212505,False
