MuniCode,TopShare_%,Margin_pts,ENP,Year
BUF,81.26712963916994,68.01522863560491,1.4727333619282579,2000
EC101,55.459372114496766,22.212603878116337,2.3556190032581275,2000
EC102,70.34117647058824,43.623529411764714,1.7635551240466365,2000
EC104,82.0192264295708,67.77993410660288,1.4415638751544944,2000
EC105,75.56117229343442,54.61876391647108,1.6249009750835037,2000
EC106,83.81055435325455,67.62110870650908,1.3724373355164101,2000
EC108,49.37805070067706,3.2698262740775696,2.1860821832127733,2000
EC109,64.4927536231884,31.702898550724633,1.907714654211693,2000
EC121,59.898992079079704,19.79798415815941,1.9245647269502546,2000
EC122,65.8930732540756,39.73268313518901,1.9768941610018205,2000
EC123,91.41274238227147,84.93767313019391,1.1900968709913544,2000
EC124,88.9077265147304,82.06503613118399,1.2547893423497516,2000
EC126,95.87524708983088,91.75049417966177,1.0858852026117127,2000
EC129,91.65982455382222,85.07411088544143,1.1837158766671612,2000
EC131,67.73564040850843,37.3121706888701,1.8125486257094923,2000
EC135,79.13864394958402,63.96652219399193,1.5355829337214726,2000
EC136,86.00605143721634,79.68986384266263,1.3383436050888247,2000
EC137,64.9911550243776,38.296587133796436,1.997771529923468,2000
EC138,75.06379876048122,62.09442216551222,1.6987656456123958,2000
EC139,85.26084509088267,77.79048864193496,1.3601542093467929,2000
EC141,85.07912282111013,70.15824564222027,1.340286791998682,2000
EC142,87.67684288905436,80.05584512285927,1.2874289903894032,2000
EC145,76.29049483802065,56.4495075353032,1.6071304399582367,2000
EC153,80.44310076054609,62.733242004818365,1.4731569192934357,2000
EC154,74.27369579746039,48.54739159492078,1.618535568950584,2000
EC155,69.40914509345268,40.93925012932682,1.7753592451885565,2000
EC156,64.19862689393939,28.397253787878785,1.8507544191389167,2000
EC157,50.40941973218408,6.584577497306443,2.235526414059527,2000
EC442,83.62619549359702,72.09434268114768,1.398646644677969,2000
EC443,85.84363461229731,71.68726922459463,1.3210855868276583,2000
EC444,82.08470657681146,64.1694131536229,1.4166599910332551,2000
NMA,65.93225016506031,37.29384927635463,1.931989470969546,2000
BUF,81.33421464677933,69.40180849853445,1.4770633685670604,2006
EC101,62.280799112097675,33.51831298557159,2.112624668253536,2006
EC102,74.44127957931639,52.41016652059597,1.657324283360728,2006
EC104,80.90823169359557,66.9427066924704,1.4822043665586047,2006
EC105,77.58369723435226,57.7497439215052,1.5578060603373105,2006
EC106,86.99280575539568,77.10791366906476,1.3035753372155285,2006
EC108,52.219251336898395,20.935828877005353,2.645158183268234,2006
EC109,67.0967741935484,47.32377538829152,1.9911439909782347,2006
EC121,83.53592394078612,69.1854900459418,1.391602672989958,2006
EC122,79.6747370276782,65.8753011694188,1.5242908265989918,2006
EC123,86.03126191383912,80.60998856271445,1.340240509909564,2006
EC124,90.13963199791203,85.78102570794728,1.2258066539781869,2006
EC126,96.50577557755776,93.0115511551155,1.0723200150916001,2006
EC129,85.88453693305526,80.98457589439187,1.3462565659053845,2006
EC131,69.93097219534224,42.8423972646926,1.7765513937696678,2006
EC135,89.33818832247348,82.3389123120821,1.2432065096945808,2006
EC136,91.3801036841621,86.64069449983128,1.1931423699571664,2006
EC137,83.76886820595429,74.12147246584333,1.4006900309138033,2006
EC138,83.4190684236488,74.49792121767317,1.412660305721424,2006
EC139,89.12393533808448,83.88319137841127,1.2523909471296348,2006
EC141,88.16204441265403,79.91676691484865,1.2743737390789158,2006
EC142,92.65059265059266,89.92088992088992,1.1624563938083947,2006
EC145,78.6847450183894,60.1141790635121,1.5290675380425018,2006
EC153,92.79776505859907,89.38062142273098,1.1590045601266448,2006
EC154,90.3534713420645,82.77707365159837,1.216049350138091,2006
EC155,90.05814867201006,81.5983026874116,1.2220284363522655,2006
EC156,86.86956163140748,76.92275970143099,1.3069626998870865,2006
EC157,72.49885163068443,48.3004134129536,1.7107028813184233,2006
EC441,72.83692975499812,51.247965274009765,1.7285438262538857,2006
EC442,91.94406145361434,86.00223228940975,1.1776791076132762,2006
EC443,94.8120096457562,92.17131406446354,1.111358665224384,2006
EC444,91.1463543812158,85.85594068145707,1.1978424917450887,2006
NMA,67.60782985688533,43.467417339556015,1.936248185071056,2006
BUF,69.12534111226122,48.86468429472099,1.9160031327698708,2011
EC101,54.335726728130176,9.835578026086583,2.0271284374278777,2011
EC102,65.5419739367613,31.083947873522572,1.8237838495793663,2011
EC104,73.30661160370865,52.76326976800681,1.7213246990773756,2011
EC105,68.91120205577235,37.822404111544685,1.7496994941545356,2011
EC106,78.54931154885038,57.09862309770077,1.508266875640079,2011
EC108,50.169333177624665,1.8480672661450424,2.060615876473129,2011
EC109,57.84097913181297,15.681958263625956,1.951995775213065,2011
EC121,70.26456798392499,55.05023442732752,1.886550096027595,2011
EC122,76.440490108255,65.13672319815373,1.6605591739499894,2011
EC123,84.6141781681305,69.22835633626099,1.352030534661887,2011
EC124,82.37779618889809,74.26953880143607,1.45302232041695,2011
EC126,95.43786051389615,92.19716832721552,1.0964150646979889,2011
EC129,82.63070293440343,74.96522948539639,1.4440491844228207,2011
EC131,64.66537673571591,31.61279307989984,1.895127142011019,2011
EC135,88.35195530726257,83.79422718808193,1.2751536246969,2011
EC136,86.71304347826087,82.01159420289854,1.322403038470546,2011
EC137,86.977140725742,80.33249853466191,1.312676069125562,2011
EC138,82.30517513028724,74.34856381044722,1.456478851233799,2011
EC139,80.71518424201516,70.45684656214524,1.5006158853657483,2011
EC141,80.06677265500795,72.8839427662957,1.5321761491328478,2011
EC142,87.07960717616723,80.70993580951337,1.3071069488985192,2011
EC145,69.56664324197705,48.91543687046147,1.877851041048495,2011
EC153,89.36083252114314,83.00059735278398,1.2451065238653354,2011
EC154,87.8127094036185,83.65814161268706,1.2893940857896815,2011
EC155,86.043997965412,79.22018056968464,1.3388466174996954,2011
EC156,91.06575507741806,85.35290569072994,1.2000890320438542,2011
EC157,66.04280997879178,41.05100902988827,1.996976155176456,2011
EC441,74.18474526357122,60.22774123883381,1.740131154137605,2011
EC442,83.64810195568785,78.13738025866226,1.4155396532126956,2011
EC443,86.03149807122135,82.30783944910256,1.3444651090519748,2011
EC444,87.98906652258208,81.53068683850873,1.2830357876785337,2011
NMA,52.13219001490926,11.891170583438354,2.2925294829474048,2011
BUF,59.86425021512741,36.41272851799168,2.369498596662389,2016
EC101,51.02189485612529,4.617750617184019,2.100601035380937,2016
EC102,59.40840398083302,20.81643936601548,1.990962336214956,2016
EC104,62.83285410676335,33.10413801725216,2.0549314283657005,2016
EC105,62.331475822397984,31.390436814668345,2.058080890517404,2016
EC106,71.16756095904367,49.392107586769,1.796554455421583,2016
EC108,56.7518440463646,16.159114857745,2.0531616969420714,2016
EC109,51.58957106812447,7.174095878889824,2.153825691862614,2016
EC121,75.72841807739724,60.47298313137084,1.669877655786998,2016
EC122,74.15000555811405,66.625907163615,1.7771182098811278,2016
EC123,74.54171159690226,54.680913635918046,1.672961162804812,2016
EC124,79.29469020120578,70.35301808672914,1.5523729478708093,2016
EC126,88.12540163407692,79.7255117965666,1.2746129427996875,2016
EC129,80.84225294743274,70.62071462514992,1.4970589827689087,2016
EC131,58.40268146093389,19.52149791955617,2.028398790067236,2016
EC135,81.8241469816273,75.28509367363563,1.4759909462797536,2016
EC136,82.1886076302643,70.97206329714494,1.450603032080349,2016
EC137,83.28189440908966,77.12561112173272,1.4286255270781285,2016
EC138,81.83665927568367,74.74131559497414,1.47477270729247,2016
EC139,73.33384262796028,60.02597402597403,1.7781731483388885,2016
EC141,84.08902323376007,78.85253674727359,1.4019426624082236,2016
EC142,68.33925157060912,45.072384594373126,1.9087479898570612,2016
EC145,66.89117162515747,44.45682721193914,1.9861205891559184,2016
EC153,83.44040074490047,77.56059534292851,1.4238143194763055,2016
EC154,79.66534863535539,73.42559552512296,1.5512475158250896,2016
EC155,84.8257252080054,78.96259650700847,1.3765622401784638,2016
EC156,79.54866569819507,72.35477900937295,1.552854243726171,2016
EC157,63.313172402719054,41.29208371246588,2.1961325725577785,2016
EC441,74.43970212689965,66.36426951443826,1.7513787683324338,2016
EC442,76.72961751846272,69.2361391777198,1.6583874387305348,2016
EC443,80.3170536870231,73.92777456408561,1.5315538063424614,2016
EC444,83.87077475321567,78.55219862399042,1.407001900484162,2016
NMA,46.663898299293805,5.159413281330077,2.5426224940360016,2016
BUF,60.51091448700524,41.0179458020137,2.381045382633146,2021
EC101,46.628329626213855,6.862691911246133,2.632657394854922,2021
EC102,56.4983888292159,19.44146079484425,2.172259835820092,2021
EC104,51.81833324079729,32.963189162178665,2.9457741869091563,2021
EC105,52.551891207399656,22.2650443208721,2.5625097333668228,2021
EC106,63.82903878286869,42.09832028845308,2.1686290913594988,2021
EC108,53.885721004056194,16.324731056375285,2.308164889993804,2021
EC109,48.33268330733229,18.7695007800312,2.972403989876386,2021
EC121,71.58867876075352,58.07362840948694,1.866689340291959,2021
EC122,70.57863412886402,62.92521746053862,1.950993888844556,2021
EC123,67.35558540870105,48.68244290585926,1.9986702968615988,2021
EC124,75.99647266313933,66.01410934744267,1.6845841839262603,2021
EC126,81.28733322168257,68.75453581198012,1.4752134308801492,2021
EC129,75.44105292635116,67.58330999719966,1.717201806138219,2021
EC131,53.63515499265272,14.134770135050037,2.245490751922113,2021
EC135,81.16174951211113,71.83733210882792,1.4932619455080418,2021
EC136,81.5187886319783,75.15452791313733,1.4862817593090756,2021
EC137,82.07380279941653,76.47496974023153,1.4692860343338567,2021
EC138,73.06846399432423,64.28520752039731,1.8178892194083367,2021
EC139,63.81185476895899,53.32253731068622,2.306658997197144,2021
EC141,80.05528386136508,72.48919129633568,1.5387616243672262,2021
EC142,74.22378441710603,62.7819273579379,1.7605093695769063,2021
EC145,55.71284125379171,32.861476238624874,2.6050029014466274,2021
EC153,75.83534861541605,66.41745291052146,1.702855555459224,2021
EC154,78.49817532830772,70.93311312964492,1.597415208512413,2021
EC155,79.63909666541103,72.0586916357244,1.5523064768752814,2021
EC156,77.740258478282,71.06209309105044,1.6244978853824472,2021
EC157,63.62888424783242,47.317258401367,2.272612670106043,2021
EC441,73.03932218118618,61.28019275966268,1.811859811899008,2021
EC442,76.08881645956407,65.99511102057446,1.6856392886210616,2021
EC443,74.42173741621764,67.35773426205809,1.768002951571213,2021
EC444,80.93291504262129,69.1764109389359,1.4931435885352249,2021
NMA,40.03894314528526,0.4357381168370255,3.0962808441484686,2021
