RegisteredVoters,SpoiltVotes,ANC_%,DA_%,Other_%,UDM_%,ValidVotes,Turnout_%,Year,MuniCode
358460,2761,81.33421464677933,11.932406148244867,5.350186647017711,1.383192557958098,184573,52.260782235116885,2006,BUF
34211,341,62.280799112097675,28.76248612652608,8.956714761376249,0.0,18020,53.66987226330713,2006,EC101
17453,179,74.44127957931639,22.03111305872042,2.366345311130587,1.161262050832603,9128,53.32607574629004,2006,EC102
43059,343,80.90823169359557,13.965525001125162,4.019082767001215,1.1071605382780503,22219,52.39787268631413,2006,EC104
29895,213,77.58369723435226,19.83395331284705,2.58234945280069,0.0,18549,62.75965880582037,2006,EC105
23575,258,86.99280575539568,9.884892086330934,2.223021582733813,0.8992805755395683,13900,60.05514316012726,2006,EC106
39395,473,52.219251336898395,31.283422459893046,16.497326203208555,0.0,22440,58.162203325295096,2006,EC108
16334,197,67.0967741935484,19.77299880525687,13.130227001194744,0.0,8370,52.44887963756582,2006,EC109
100465,1318,83.53592394078612,0.5136549259826442,1.599987238386932,14.350433894844308,62688,63.70974966406211,2006,EC121
120953,1700,79.6747370276782,3.831462654992067,2.694364459070341,13.799435858259388,68068,57.68190950203799,2006,EC122
21025,177,86.03126191383912,5.4212733511246665,5.474647350362181,3.072817384674037,13115,63.21997621878715,2006,EC123
66240,741,90.13963199791203,4.358606289964766,2.208012527730654,3.293749184392535,38315,58.96135265700483,2006,EC124
43660,1164,96.50577557755776,3.4942244224422443,0.0,0.0,24240,58.18598259276225,2006,EC126
81990,3568,85.88453693305526,4.494304769325969,8.41335686292485,1.2078014346939243,43633,57.56921575801927,2006,EC129
29318,374,69.93097219534224,27.088574930649635,1.883749435520289,1.0967034384878396,15501,54.147622620915485,2006,EC131
78899,1226,89.33818832247348,0.0,3.6625356671351303,6.999276010391381,46962,61.07555228836867,2006,EC135
57910,1101,91.3801036841621,1.263842449154882,2.6166446823522196,4.739409184330808,32599,58.193748920739075,2006,EC136
59915,1067,83.76886820595429,0.0,6.5837360539347305,9.647395740110971,33522,57.73011766669448,2006,EC137
26015,343,83.4190684236488,1.4657177084067365,8.921147205975618,6.194066661968853,14191,55.867768595041326,2006,EC138
113322,1093,89.12393533808448,5.240743959673214,3.106205458021902,2.5291152442204066,57530,51.73134960554879,2006,EC139
55908,1111,88.16204441265403,1.7361901355788925,1.8564879539616996,8.245277497805379,30757,57.00078700722616,2006,EC141
61368,735,92.65059265059266,2.72970272970273,1.979101979101979,2.6406026406026406,37037,61.54999348194499,2006,EC142
33743,743,78.6847450183894,18.570565954877313,2.744689026733271,0.0,18217,56.18943188216815,2006,EC145
110610,2948,92.79776505859907,0.0,3.785091305532843,3.4171436358680842,58704,55.7381791881385,2006,EC153
62420,2484,90.3534713420645,0.0,2.0701309674693706,7.576397690466131,35505,60.860301185517464,2006,EC154
108512,982,90.05814867201006,0.0,1.482005343391482,8.459845984598461,63630,59.54364494249484,2006,EC155
84347,991,86.86956163140748,0.0,3.1836364386160256,9.946801929976495,48498,58.67310040665347,2006,EC156
178964,1801,72.49885163068443,0.6603123564538355,2.642397795130914,24.19843821773082,87080,49.664178270490154,2006,EC157
85325,1587,72.83692975499812,1.7676029884385824,22.160774656705204,3.234692599858091,47918,58.019337825959575,2006,EC441
83703,1006,91.94406145361434,0.0,2.1141093821810784,5.941829164204583,45693,55.79130974994923,2006,EC442
104718,1210,94.8120096457562,0.4907787929219169,2.056515980029209,2.6406955812926673,58886,57.388414599209305,2006,EC443
60433,717,91.1463543812158,0.0,3.5632319190254806,5.290413699758724,33986,57.42392401502491,2006,EC444
513491,4955,67.60782985688533,24.140412517329327,7.088002991403243,1.1637546343820881,283479,56.17118897896945,2006,NMA
