MuniCode,Year,Actual_ANC,Pred_ANC,Actual_DA,Pred_DA,Actual_EFF,Pred_EFF,Actual_UDM,Pred_UDM,Actual_ATM,Pred_ATM,Actual_OTHER,Pred_OTHER,ActualLeader,PredLeader,ActualLeadGap_pts
BUF,2021,60.510914487005245,60.852360548680004,19.492968684991546,23.838608996203195,12.371231242892408,8.342352814999746,1.1039303247996006,1.3138547417407185,0.8892463872631958,0.0,5.631708873047998,5.6528228983763436,ANC,ANC,41.0179458020137
EC101,2021,46.628329626213855,49.989375826277104,39.76563771496773,45.46507362767457,4.123040199641946,1.8200304199461566,0.0,0.0,0.1464764281451744,0.0,9.336516031031294,2.7255201261021567,ANC,ANC,6.862691911246124
EC102,2021,56.4983888292159,58.3698440874506,37.05692803437165,37.91731146862775,6.176154672395274,1.964674448111801,0.0,0.0,0.2685284640171858,0.0,1.4210854715202004e-14,1.7481699958098524,ANC,ANC,19.441460794844247
EC104,2021,51.818333240797294,61.87986000977319,17.66698128921215,29.277816773426313,5.82977069568597,5.671704903402742,0.0,0.8002767410734694,0.8272722225306757,0.0,23.857642551773907,2.370341572324293,ANC,ANC,27.960690689023387
EC105,2021,52.551891207399656,61.080983134955126,30.28684688652756,30.320300568433023,14.799317293398667,2.6466958085153593,0.0,2.6422919885344682,0.28079061828993,0.0,2.081153994384181,3.3097284995620395,ANC,ANC,22.265044320872097
EC106,2021,63.8290387828687,70.00312935599834,21.73071849441562,21.419167084875998,5.689912936417202,4.857060034530521,0.0,0.5077531810513336,0.7475156098847947,0.0,8.002814176413679,3.2128903435438123,ANC,ANC,42.09832028845308
EC108,2021,37.56098994768091,39.55304426718617,53.8857210040562,55.29828234460327,1.884075010287461,1.1063250100043638,0.814179060607842,0.18481531489632053,0.1058138851331491,0.0,5.749221092234436,3.857533063309867,DA,DA,16.324731056375292
EC109,2021,48.332683307332296,50.69844548758584,29.56318252730109,43.64827039777321,2.8568642745709827,2.5456669726404373,0.0,0.0,0.8677847113884556,0.0,18.379485179407183,3.107617142000519,ANC,ANC,18.769500780031205
EC121,2021,71.58867876075352,74.10245216649065,1.4142377606984975,2.2552920224584114,6.210906689656437,3.5322610214759598,13.515050351266575,14.927885291510437,2.175468202579012,0.0,5.095658235045946,5.182109498064529,ANC,ANC,58.07362840948695
EC122,2021,70.57863412886402,75.98363521109067,1.9466947988614425,4.769623601047411,7.653416668325405,5.179703828773085,7.593702103943151,7.710159202239042,2.2950297577579173,0.0,9.932522542248066,6.356878156849789,ANC,ANC,60.64611158661596
EC123,2021,67.35558540870105,73.38508380144631,18.673142502841788,19.552627535735173,10.654128345561642,5.0473959532031065,0.9403740828769248,0.0,0.6200268678309393,0.0,1.7567427921876515,2.0148927096154168,ANC,ANC,48.68244290585926
EC124,2021,75.99647266313933,77.9622116031536,9.982363315696649,8.79141505825879,7.319223985890653,8.305780432782269,0.0,0.6641767671958306,1.0405643738977073,0.0,5.661375661375658,4.276416138609496,ANC,ANC,66.01410934744268
EC126,2021,81.28733322168257,86.08438722590374,2.886172053815665,2.8606614433109314,12.53279740970245,8.205345519214742,0.0,0.0,1.9818009267012784,0.0,1.3118963880980203,2.8496058115705782,ANC,ANC,68.75453581198012
EC129,2021,75.44105292635116,79.00256020522255,7.149257910949314,9.988931125178173,7.857742929151498,5.995127801717517,0.0,1.0039793515233317,1.7698123774852983,0.0,7.782133856062728,4.00940151635845,ANC,ANC,67.58330999719966
EC131,2021,53.63515499265272,57.3921765916351,39.50038485760269,38.20844687398783,2.784969561262333,2.669139421934346,0.0,0.0,0.2798964383178224,0.0,3.799594150164438,1.730237112442715,ANC,ANC,14.134770135050033
EC135,2021,81.16174951211113,79.51016489904984,1.937205831707037,2.2580244822421864,9.324417403283205,6.354129263563699,3.4209620020663527,5.125077963102761,1.4033980025255424,0.0,2.7522672483067367,6.752603392041506,ANC,ANC,71.83733210882792
EC136,2021,81.51878863197828,79.86411686224814,6.364260718840959,10.899313581764245,5.343885927331001,2.665843555828379,2.508421362461981,1.9878568936136332,1.3801223141577,0.0,2.8845210452300734,4.582869106545606,ANC,ANC,75.15452791313733
EC137,2021,82.07380279941653,82.85618886852974,1.3531547748362869,1.755381674179136,5.598833059185004,4.198242548926881,5.074330405636076,6.12481469597488,3.0445982433816456,0.0,2.855280717544474,5.065372212389353,ANC,ANC,76.47496974023153
EC138,2021,73.06846399432423,80.8013065845445,8.783256473926924,7.00557726991761,7.335934728627173,4.560922701769276,3.2493792124866974,2.73047239079254,3.4338417878680385,0.0,4.129123802766941,4.9017210529760735,ANC,ANC,64.28520752039731
EC139,2021,63.81185476895898,72.17771122545099,10.489317458272758,13.098065811898204,8.400655122283359,7.732520597563784,1.3580905761763675,1.434621674460492,1.0102868920336394,0.0,14.9297951822749,5.557080690626544,ANC,ANC,48.88205958668408
EC141,2021,80.05528386136508,83.18947436243289,3.3701892409100576,5.180468764701988,7.566092565029414,4.083980186321375,2.87405202353108,2.107955315122088,2.101495499326671,0.0,4.032886809837706,5.438121371421654,ANC,ANC,72.48919129633568
EC142,2021,74.22378441710603,75.76384118238973,3.445371997656708,4.599915054800351,11.44185705916813,3.4158684541242903,1.32908611599297,0.8206563395990094,0.9043643819566493,0.0,8.655536028119514,15.399718969086637,ANC,ANC,62.7819273579379
EC145,2021,55.71284125379171,65.79687345035816,22.851365015166834,22.06733242123565,12.490334859929815,5.590708624213699,0.0,0.0,1.5880568607625052,0.0,7.357402010349133,6.545085504192488,ANC,ANC,32.861476238624874
EC153,2021,75.83534861541605,83.1237281397765,2.576722640416908,3.372407309477092,9.41789570489458,5.857490392963837,2.0164174529105217,2.286621587236067,2.3314826799277903,0.0,7.822132906434163,5.359752570546494,ANC,ANC,66.41745291052148
EC154,2021,78.49817532830772,81.39655091559045,3.3696491835593085,5.764418895420425,7.565062198662796,2.916697424007599,2.288164939665965,4.623852250728263,4.174102980741057,0.0,4.104845369063156,5.298480514253256,ANC,ANC,70.93311312964492
EC155,2021,79.63909666541105,82.83966611706626,1.492403451182981,4.050993339800335,5.115786830257045,4.018784502259458,3.426070422787853,5.725852891925952,7.580405029686631,0.0,2.7462376006744336,3.364703148947988,ANC,ANC,72.05869163572441
EC156,2021,77.74025847828199,81.28172968702185,1.479448061412885,3.298117915453781,6.051404139539403,3.196449668984799,6.678165387231561,6.4152663521927735,4.3970459624914975,0.0,3.653677971042669,5.8084363763467834,ANC,ANC,71.06209309105043
EC157,2021,63.62888424783242,64.06553651269196,1.977090057591292,4.511581218303835,7.003354218087463,4.505081941638811,16.311625846465414,22.282770046033182,4.983228909562686,0.0,6.095816720460718,4.635030281332223,ANC,ANC,47.317258401367
EC441,2021,73.03932218118618,75.90233844587516,5.213990875515968,8.23410359975644,11.759129421523513,6.937623776000009,1.3192976912290404,2.79690029394646,1.7399719550490786,0.0,6.92828787549621,6.129033884421937,ANC,ANC,61.28019275966267
EC442,2021,76.08881645956407,75.87575626246385,4.110816866979018,6.659815702784315,10.09370543898961,4.7232735480739825,2.668567936443268,7.410089539459143,2.7907924220818905,0.0,4.2473008759421305,5.331064947218694,ANC,ANC,65.99511102057446
EC443,2021,74.42173741621764,81.89948449194391,1.8481403600998816,3.558832096417489,7.064003154159548,6.5151626263933435,1.4489420423183073,1.5701555973933514,6.963792876856354,0.0,8.253384150348268,6.4563651878519135,ANC,ANC,66.16835326586937
EC444,2021,80.93291504262129,83.0168510014283,1.394302373482904,5.137108085008848,11.756504103685394,5.264425461179098,1.033051303989606,1.1576998623852794,1.6224609436891972,0.0,3.2607662325316227,5.423915589998475,ANC,ANC,69.1764109389359
NMA,2021,39.60320502844824,40.42787524766599,40.03894314528526,45.453455408424155,6.399049574699861,4.897835038236736,1.0749219049498788,1.7840796770579035,0.2592414057488584,0.0,12.624638940867923,7.436754628615228,DA,DA,0.43573811683702246
