Party,Model,MAE_pts,RMSE_pts,R2
ANC,No Change Baseline,4.495740985271795,5.489569882304615,0.8174036772445341
ANC,Average Swing Baseline,3.238639669185329,3.930788506143846,0.9063786830229641
ANC,Linear Regression,4.682780445056228,6.937741932181835,0.7083569219170658
ANC,Ridge Regression,4.4915981115879005,6.576329698020894,0.7379509756109035
ANC,Random Forest,3.117219126970213,3.962517219671234,0.9048611897342813
DA,No Change Baseline,2.8130146611459774,4.243420688366275,0.9165900831988969
DA,Average Swing Baseline,5.268917799148805,6.251935583690049,0.8189433425341703
DA,Linear Regression,5.540348865343012,6.865412271090395,0.7816673163062977
DA,Ridge Regression,5.3764986839911995,6.486673074029583,0.8050920608239247
DA,Random Forest,5.447381478839954,6.709383457755073,0.7914785499440745
EFF,No Change Baseline,3.1646441928182045,4.091407632666792,-0.7591937006937977
EFF,Average Swing Baseline,2.630870150239353,3.1372529099400843,-0.03434929028283085
EFF,Linear Regression,3.0044607674063353,3.492685952547993,-0.2819976649709688
EFF,Ridge Regression,2.8294122968331274,3.360336407909194,-0.18668013942924278
EFF,Random Forest,2.664051322513936,3.284892259828719,-0.13399311790134782
UDM,No Change Baseline,0.9969766458232635,1.6487095804249208,0.8007332911568108
UDM,Average Swing Baseline,1.107282871563081,1.7465513155233443,0.7763807816179747
UDM,Linear Regression,1.0760400912406765,1.5886496264563672,0.814986817074347
UDM,Ridge Regression,1.0790212664365455,1.6882178814693534,0.7910687432059977
UDM,Random Forest,1.1224084626174498,1.786915744849476,0.7659252459322297
ATM,No Change Baseline,2.000142921789999,2.706813410287661,-1.202721113668769
ATM,Average Swing Baseline,2.000142921789999,2.706813410287661,-1.202721113668769
ATM,Linear Regression,2.000142921789999,2.706813410287661,-1.202721113668769
ATM,Ridge Regression,2.000142921789999,2.706813410287661,-1.202721113668769
ATM,Random Forest,2.000142921789999,2.706813410287661,-1.202721113668769
OTHER,No Change Baseline,4.097486121610293,6.692300418824405,-0.8398681366281258
OTHER,Average Swing Baseline,5.409882858150557,7.693523334107339,-1.4315678484623517
OTHER,Linear Regression,3.951856450432299,6.461306511392351,-0.7150489849424453
OTHER,Ridge Regression,4.059369517254889,6.61743653442333,-0.7989347505908322
OTHER,Random Forest,3.7601506938574625,6.078778236465892,-0.5179883602853952
