TestYear,Role,Party,Model,PartyExistedBefore,MAE,RMSE,R2,Bias,r,n
2011,validation,ANC,No change,True,6.036918330632444,7.069808469881424,0.6418193887031868,5.506477029155391,0.9293591352032576,33
2011,validation,ANC,Average swing,True,12.89146635793297,13.6327109331163,-0.3318374685284631,12.89146635793297,0.9293591352032576,33
2011,validation,ANC,Last swing,True,12.89146635793297,13.6327109331163,-0.3318374685284631,12.89146635793297,0.9293591352032576,33
2011,validation,ANC,Ridge regression,True,10.176888550289645,12.44301273161348,-0.10952698071877043,10.047189197853717,0.8367684379990966,33
2011,validation,ANC,Random forest,True,10.837412832134936,12.750612533235781,-0.1650615608731938,10.805523084399558,0.8481868674176267,33
2011,validation,DA,No change,True,5.651269879106221,8.007498479821699,0.7059045121306169,-5.608711364862735,0.9713592859728228,33
2011,validation,DA,Average swing,True,6.984299570377179,9.346829474035475,0.5992963758362706,-6.984299570377179,0.9683707327274661,33
2011,validation,DA,Last swing,True,6.984299570377179,9.346829474035475,0.5992963758362706,-6.984299570377179,0.9683707327274661,33
2011,validation,DA,Ridge regression,True,6.904760181176534,10.280001161237124,0.5152911390755341,-6.809529806079425,0.9712344979737819,33
2011,validation,DA,Random forest,True,7.281316316992128,10.384981466205971,0.5053408085714648,-7.252887551147047,0.9675576371739261,33
2011,validation,EFF,No change,False,0.0,0.0,,0.0,,33
2011,validation,EFF,Average swing,False,0.0,0.0,,0.0,,33
2011,validation,EFF,Last swing,False,0.0,0.0,,0.0,,33
2011,validation,UDM,No change,True,1.7973325590908993,2.444778235024934,0.7276574346974845,1.650907447510693,0.9389918807314884,33
2011,validation,UDM,Average swing,True,1.8139015555543705,2.5605931053632407,0.7012432499700643,-1.7563407422079584,0.9440729614640874,33
2011,validation,UDM,Last swing,True,1.8139015555543705,2.5605931053632407,0.7012432499700643,-1.7563407422079584,0.9440729614640874,33
2011,validation,UDM,Ridge regression,True,1.3744759848423223,3.0171270368652237,0.5852142993159923,-0.6467023841793982,0.8854982291528868,33
2011,validation,UDM,Random forest,True,1.4272006979847527,3.542744027229801,0.42810522082404,-0.8313767064075375,0.7940812328816967,33
2011,validation,ATM,No change,False,0.0,0.0,,0.0,,33
2011,validation,ATM,Average swing,False,0.0,0.0,,0.0,,33
2011,validation,ATM,Last swing,False,0.0,0.0,,0.0,,33
2011,validation,OTHER,No change,True,4.853060364596554,6.3281655985119,-0.7671033670790262,-1.5486731118033494,0.1466504636101791,33
2011,validation,OTHER,Average swing,True,4.490014737647582,6.135791765310274,-0.6612978687711082,-0.025478467037432395,0.1466504636101791,33
2011,validation,OTHER,Last swing,True,4.490014737647582,6.135791765310274,-0.6612978687711082,-0.025478467037432395,0.1466504636101791,33
2011,validation,OTHER,Ridge regression,True,4.698829247585147,5.80398514484036,-0.4864793070413995,-1.3849450487472776,0.027297518867507357,33
2011,validation,OTHER,Random forest,True,4.671983284274446,5.911398782582402,-0.5420086115316254,-0.7723497347808832,0.09367567932920043,33
2016,validation,ANC,No change,True,6.074162148798088,7.122474562087502,0.6772397508433986,5.48379502543125,0.9320263889964808,33
2016,validation,ANC,Average swing,True,6.796972026640137,7.787757749993766,0.6141281513215411,6.323886049412096,0.9320263889964812,33
2016,validation,ANC,Last swing,True,3.427378105851718,4.54512381348759,0.8685654129409459,-0.022682003724141343,0.9320263889964808,33
2016,validation,ANC,Ridge regression,True,7.23023374015042,9.274755497363143,0.452702874223911,6.030263524846213,0.8491970206858895,33
2016,validation,ANC,Random forest,True,7.0741191378038275,9.060655842633828,0.47767898734745595,6.332404325067253,0.8757665795793573,33
2016,validation,DA,No change,True,2.9186249128376582,3.6549488310029665,0.9473402663358544,-2.6840744054337877,0.9897843071656275,33
2016,validation,DA,Average swing,True,1.895553658152359,2.6263354122312466,0.9728095475189364,-0.862114930966086,0.9897843071656277,33
2016,validation,DA,Last swing,True,3.4300290427939317,3.83508759845235,0.9420215457870706,2.9246369594289474,0.9897843071656276,33
2016,validation,DA,Ridge regression,True,4.973742917204148,6.507173967859445,0.8330828768039316,-0.8279050377034107,0.962770229460336,33
2016,validation,DA,Random forest,True,2.263254808019405,3.041255476126322,0.9635395635033603,-1.3594683378819816,0.9892358632849283,33
2016,validation,EFF,No change,False,4.736218962885986,5.1114972953367195,-6.069802045331256,-4.736218962885986,,33
2016,validation,EFF,Average swing,False,4.736218962885986,5.1114972953367195,-6.069802045331256,-4.736218962885986,,33
2016,validation,EFF,Last swing,False,4.736218962885986,5.1114972953367195,-6.069802045331256,-4.736218962885986,,33
2016,validation,UDM,No change,True,0.9718330402640499,1.3817777775367026,0.909758999173834,-0.19891120359485062,0.9567828965563695,33
2016,validation,UDM,Average swing,True,2.0910190445978185,2.976304764641553,0.5813199236127433,-2.0910190445978185,0.8911733471759989,33
2016,validation,UDM,Last swing,True,1.367196561758949,1.8982149918242124,0.82969857040015,-1.2340853015910596,0.9495702370239998,33
2016,validation,UDM,Ridge regression,True,1.5692162835826964,2.9000392320300277,0.6025017309847157,-1.298769994712065,0.9517740235127613,33
2016,validation,UDM,Random forest,True,1.9504067275831776,3.434184757719317,0.44258993270659486,-1.7377362569611448,0.9574775719269539,33
2016,validation,ATM,No change,False,0.0,0.0,,0.0,,33
2016,validation,ATM,Average swing,False,0.0,0.0,,0.0,,33
2016,validation,ATM,Last swing,False,0.0,0.0,,0.0,,33
2016,validation,OTHER,No change,True,4.013156569870769,5.663575886134728,-0.7399218799206342,2.1354095464833733,0.3322227363949212,33
2016,validation,OTHER,Average swing,True,4.98263063576656,6.402836835952521,-1.2237869183752945,3.6715394129759873,0.3322227363949212,33
2016,validation,OTHER,Last swing,True,4.992133094335299,6.410037669146993,-1.2287916134815737,3.684082658286723,0.3322227363949212,33
2016,validation,OTHER,Ridge regression,True,4.4120127684919765,5.412997649803721,-0.5893662207124242,3.023268963707406,0.22598622308534164,33
2016,validation,OTHER,Random forest,True,3.1254196835381522,4.476553514651092,-0.08701581511361978,1.5359638770096522,0.28666404635805454,33
2021,test,ANC,No change,True,4.495740985271795,5.489569882304615,0.8174036772445341,4.080776805666455,0.9584415724552229,33
2021,test,ANC,Average swing,True,3.5679822386178826,4.612432087883015,0.8710933385705308,2.7913959966819952,0.9584415724552227,33
2021,test,ANC,Last swing,True,3.238639669185329,3.930788506143846,0.9063786830229641,-1.4030182197647945,0.9584415724552229,33
2021,test,ANC,Ridge regression,True,5.1057859797802605,6.1486737522862756,0.7709246856320131,4.22430571479221,0.9390263689945896,33
2021,test,ANC,Random forest,True,4.57645250898077,5.660946259439909,0.8058249367763002,4.2551787383474275,0.957176377157135,33
2021,test,DA,No change,True,2.8130146611459774,4.243420688366275,0.9165900831988969,2.584843393715016,0.9790583303084108,33
2021,test,DA,Average swing,True,4.697106875548847,5.77823647566894,0.8453406672611881,4.697106875548847,0.9790583303084108,33
2021,test,DA,Last swing,True,5.268917799148805,6.251935583690049,0.8189433425341703,5.268917799148805,0.9790583303084108,33
2021,test,DA,Ridge regression,True,6.340731019900712,7.381130168752398,0.747633771265159,6.340731019900712,0.9717082696593888,33
2021,test,DA,Random forest,True,5.356376851701892,6.803826177388195,0.7855668482930717,5.34452234014044,0.9729281099607173,33
2021,test,EFF,No change,True,3.1646441928182045,4.091407632666792,-0.7591937006937977,-3.0962494439072454,0.510809756161062,33
2021,test,EFF,Average swing,True,2.2162889218524993,3.067092819303027,0.011396832461329609,-1.5014002013027803,0.510809756161062,33
2021,test,EFF,Last swing,True,2.630870150239353,3.1372529099400843,-0.03434929028283085,1.639969518978741,0.5108097561610618,33
2021,test,UDM,No change,True,0.9969766458232635,1.6487095804249208,0.8007332911568108,0.7355858920141546,0.9601015590299663,33
2021,test,UDM,Average swing,True,1.0981217874245175,1.5255826000027464,0.8293847376736946,-0.7890721459232954,0.9450832930819791,33
2021,test,UDM,Last swing,True,1.107282871563081,1.7465513155233443,0.7763807816179747,0.9344970956090053,0.9601015590299661,33
2021,test,UDM,Ridge regression,True,1.274887389138288,1.7098340414506417,0.7856841241805237,0.13285734282441972,0.9128760893060174,33
2021,test,UDM,Random forest,True,1.0290636836535156,1.4289782734834946,0.8503083152822922,-0.14840044141805986,0.9426868252041292,33
2021,test,ATM,No change,False,2.000142921789999,2.706813410287661,-1.202721113668769,-2.000142921789999,,33
2021,test,ATM,Average swing,False,2.000142921789999,2.706813410287661,-1.202721113668769,-2.000142921789999,,33
2021,test,ATM,Last swing,False,2.000142921789999,2.706813410287661,-1.202721113668769,-2.000142921789999,,33
2021,test,OTHER,No change,True,4.097486121610293,6.692300418824405,-0.8398681366281266,-2.3048137256983807,0.0779618518055911,33
2021,test,OTHER,Average swing,True,4.015723803554444,6.595060121753511,-0.7867893681461982,-2.0050185594935996,0.0779618518055911,33
2021,test,OTHER,Last swing,True,4.959437643894224,7.296594800298516,-1.187138574913741,-3.989778057925419,0.0693437101376122,33
2021,test,OTHER,Ridge regression,True,3.4854625112483815,5.802773313946166,-0.3832702984813021,-2.2167393201202503,-0.05515248915848329,33
2021,test,OTHER,Random forest,True,3.3483796118488645,5.487680215320215,-0.2371245720626849,-1.6426917806657098,0.07947136534102692,33
