Party,Model,Feature,Measure,Value
ANC,Ridge Regression,prev_ANC,Standardised coefficient,-21.429908487784353
ANC,Ridge Regression,PreviousTurnout_%,Standardised coefficient,-1.3723059568727805
ANC,Ridge Regression,PreviousENP,Standardised coefficient,-0.4814789774735872
ANC,Ridge Regression,PreviousMargin_pts,Standardised coefficient,20.396504733203074
ANC,Ridge Regression,LogPreviousRegisteredVoters,Standardised coefficient,-2.4142034234735887
ANC,Random Forest,prev_ANC,Feature importance,0.18745203883265094
ANC,Random Forest,PreviousTurnout_%,Feature importance,0.22535517067030045
ANC,Random Forest,PreviousENP,Feature importance,0.20460529293375238
ANC,Random Forest,PreviousMargin_pts,Feature importance,0.22778287427961993
ANC,Random Forest,LogPreviousRegisteredVoters,Feature importance,0.15480462328367622
DA,Ridge Regression,prev_DA,Standardised coefficient,0.16888219998387088
DA,Ridge Regression,PreviousTurnout_%,Standardised coefficient,0.1160209237765814
DA,Ridge Regression,PreviousENP,Standardised coefficient,0.14072091376305637
DA,Ridge Regression,PreviousMargin_pts,Standardised coefficient,-0.15422733021301277
DA,Ridge Regression,LogPreviousRegisteredVoters,Standardised coefficient,0.02816535136203865
DA,Random Forest,prev_DA,Feature importance,0.3077282986809599
DA,Random Forest,PreviousTurnout_%,Feature importance,0.1546466852595875
DA,Random Forest,PreviousENP,Feature importance,0.1328881311703896
DA,Random Forest,PreviousMargin_pts,Feature importance,0.128412499346956
DA,Random Forest,LogPreviousRegisteredVoters,Feature importance,0.2763243855421071
EFF,Ridge Regression,prev_EFF,Standardised coefficient,0.0
EFF,Ridge Regression,PreviousTurnout_%,Standardised coefficient,-0.31462036260335013
EFF,Ridge Regression,PreviousENP,Standardised coefficient,-0.021575777919939837
EFF,Ridge Regression,PreviousMargin_pts,Standardised coefficient,0.4920671363111101
EFF,Ridge Regression,LogPreviousRegisteredVoters,Standardised coefficient,0.4471534209795294
EFF,Random Forest,prev_EFF,Feature importance,0.0
EFF,Random Forest,PreviousTurnout_%,Feature importance,0.2132225239388106
EFF,Random Forest,PreviousENP,Feature importance,0.13955724820151735
EFF,Random Forest,PreviousMargin_pts,Feature importance,0.4587501312645228
EFF,Random Forest,LogPreviousRegisteredVoters,Feature importance,0.18847009659514913
UDM,Ridge Regression,prev_UDM,Standardised coefficient,-0.06622980354951707
UDM,Ridge Regression,PreviousTurnout_%,Standardised coefficient,0.07452214445394172
UDM,Ridge Regression,PreviousENP,Standardised coefficient,-0.003002155015080016
UDM,Ridge Regression,PreviousMargin_pts,Standardised coefficient,0.008461297880515736
UDM,Ridge Regression,LogPreviousRegisteredVoters,Standardised coefficient,0.055341693764340616
UDM,Random Forest,prev_UDM,Feature importance,0.302287253849176
UDM,Random Forest,PreviousTurnout_%,Feature importance,0.21117112506217256
UDM,Random Forest,PreviousENP,Feature importance,0.09172114548909883
UDM,Random Forest,PreviousMargin_pts,Feature importance,0.08382093773570025
UDM,Random Forest,LogPreviousRegisteredVoters,Feature importance,0.3109995378638525
ATM,Ridge Regression,prev_ATM,Standardised coefficient,0.0
ATM,Ridge Regression,PreviousTurnout_%,Standardised coefficient,0.0
ATM,Ridge Regression,PreviousENP,Standardised coefficient,0.0
ATM,Ridge Regression,PreviousMargin_pts,Standardised coefficient,0.0
ATM,Ridge Regression,LogPreviousRegisteredVoters,Standardised coefficient,0.0
ATM,Random Forest,prev_ATM,Feature importance,0.0
ATM,Random Forest,PreviousTurnout_%,Feature importance,0.0
ATM,Random Forest,PreviousENP,Feature importance,0.0
ATM,Random Forest,PreviousMargin_pts,Feature importance,0.0
ATM,Random Forest,LogPreviousRegisteredVoters,Feature importance,0.0
OTHER,Ridge Regression,prev_OTHER,Standardised coefficient,-3.9318565644391787
OTHER,Ridge Regression,PreviousTurnout_%,Standardised coefficient,0.7496328039873557
OTHER,Ridge Regression,PreviousENP,Standardised coefficient,-0.5966104398523816
OTHER,Ridge Regression,PreviousMargin_pts,Standardised coefficient,0.7751588053433106
OTHER,Ridge Regression,LogPreviousRegisteredVoters,Standardised coefficient,1.2940184780538397
OTHER,Random Forest,prev_OTHER,Feature importance,0.8115292506026497
OTHER,Random Forest,PreviousTurnout_%,Feature importance,0.02341408689063463
OTHER,Random Forest,PreviousENP,Feature importance,0.0806246804694757
OTHER,Random Forest,PreviousMargin_pts,Feature importance,0.04565322270164299
OTHER,Random Forest,LogPreviousRegisteredVoters,Feature importance,0.03877875933559711
