MuniCode,Year,Turnout_%,PreviousTurnout_%,Pred_previous_turnout_baseline,AbsError_previous_turnout_baseline,Pred_average_change_baseline,AbsError_average_change_baseline,Pred_linear_regression,AbsError_linear_regression,Pred_ridge_regression,AbsError_ridge_regression,Pred_random_forest,AbsError_random_forest
BUF,2021,45.22566582858942,55.74951556399805,55.74951556399805,10.523849735408632,55.270916642163485,10.045250813574064,59.62563257636385,14.399966747774428,58.70791271749947,13.482246888910048,57.73263796031348,12.506972131724062
EC101,2021,46.86443013554481,61.31044097145792,61.31044097145792,14.446010835913114,60.831842049623354,13.967411914078546,61.81781657700475,14.95338644145994,62.15952390303005,15.295093767485241,62.6641913051833,15.799761169638494
EC102,2021,52.7676722449208,59.83017635532332,59.83017635532332,7.062504110402514,59.35157743348875,6.583905188567947,60.68087636750407,7.9132041225832666,60.818324668925236,8.050652424004433,61.08998062111204,8.322308376191238
EC104,2021,42.92552216929278,52.58631837579206,52.58631837579206,9.660796206499278,52.10771945395749,9.18219728466471,57.15682788172709,14.231305712434306,57.33646188286453,14.41093971357175,58.279837837072186,15.354315667779403
EC105,2021,55.53447185325743,65.23291249455812,65.23291249455812,9.698440641300692,64.75431357272356,9.219841719466132,64.19982501185898,8.665353158601548,63.18885940857254,7.654387555315111,63.72108623709662,8.186614383839192
EC106,2021,46.37692737876488,57.68799102132436,57.68799102132436,11.311063642559475,57.20939209948979,10.832464720724907,58.77457666708395,12.397649288319066,58.54471573960157,12.167788360836688,58.59242737408209,12.21549999531721
EC108,2021,57.01479231328006,66.11230544328834,66.11230544328834,9.097513130008274,65.63370652145377,8.618914208173713,64.32985409342258,7.315061780142521,63.885037678869224,6.870245365589163,62.979931895391566,5.9651395821115045
EC109,2021,51.0050859772342,59.31514231127223,59.31514231127223,8.31005633403803,58.836543389437665,7.831457412203463,61.13915150317573,10.13406552594153,61.39851065203564,10.393424674801437,61.674852658353565,10.669766681119363
EC121,2021,46.00883748662534,53.28622778457678,53.28622778457678,7.277390297951442,52.80762886274221,6.798791376116874,55.41597959277563,9.407142106150289,55.624607063045794,9.615769576420455,51.96690420826214,5.958066721636804
EC122,2021,42.301753111090925,51.1882404215698,51.1882404215698,8.886487310478877,50.709641499735234,8.40788838864431,55.00789634588484,12.706143234793913,54.849791692277186,12.548038581186262,51.8656918188171,9.563938707726173
EC123,2021,54.892667967661,59.29884082555839,59.29884082555839,4.4061728578973955,58.820241903723826,3.927573936062828,59.04175385403486,4.149085886373861,58.80056729976901,3.907899332108009,59.708375390842406,4.815707423181408
EC124,2021,47.20460513027671,53.81244687883653,53.81244687883653,6.607841748559821,53.333847957001964,6.129242826725253,55.41944523382118,8.214840103544468,55.46563708150704,8.26103195123033,54.38926732727945,7.184662197002737
EC126,2021,52.45215644702338,57.211452047759664,57.211452047759664,4.759295600736287,56.7328531259251,4.28069667890172,55.84172000706235,3.3895635600389724,55.989748845957344,3.537592398933967,57.792371174228975,5.340214727205598
EC129,2021,48.03007823892672,54.84975229921773,54.84975229921773,6.819674060291007,54.37115337738316,6.341075138456439,55.569471305677396,7.5393930667506766,55.69070765052979,7.660629411603068,53.96159311028189,5.931514871355169
EC131,2021,49.15294196894682,56.96767722522406,56.96767722522406,7.814735256277238,56.48907830338949,7.336136334442671,59.25515775532549,10.102215786378672,59.624411959698165,10.471469990751345,61.085278680245544,11.932336711298724
EC135,2021,48.07052118565075,57.87933998819575,57.87933998819575,9.808818802545005,57.400741066361185,9.330219880710438,57.216593453147595,9.146072267496848,56.90950015891969,8.838978973268944,55.002956799103835,6.932435613453087
EC136,2021,52.73847712307952,59.63950480714483,59.63950480714483,6.901027684065312,59.160905885310264,6.422428762230744,58.02382648182234,5.28534935874282,57.782427590521436,5.043950467441917,57.57320184211536,4.83472471903584
EC137,2021,46.70806747289289,51.02593408985768,51.02593408985768,4.3178666169647855,50.54733516802311,3.839267695130218,53.17736973484049,6.469302261947597,53.60607874031606,6.898011267423165,53.61817538922315,6.910107916330254
EC138,2021,48.24164113494072,55.11556542178114,55.11556542178114,6.8739242868404205,54.636966499946574,6.395325365005853,55.82294052427136,7.581299389330638,55.77678084716028,7.535139712219561,58.26240637696415,10.02076524202343
EC139,2021,47.0376020971535,53.76499809869012,53.76499809869012,6.7273960015366185,53.286399176855554,6.248797079702051,56.34313792065428,9.305535823500776,56.19541422003089,9.157812122877388,52.17301943525462,5.135417338101121
EC141,2021,47.76319664888569,54.49110231167734,54.49110231167734,6.727905662791649,54.01250338984277,6.249306740957081,54.99914452590678,7.23594787702109,55.08949690428834,7.32630025540265,53.98475703554496,6.22156038665927
EC142,2021,46.408692907106186,57.76729802860456,57.76729802860456,11.358605121498371,57.28869910676999,10.880006199663804,59.291690154631965,12.882997247525779,58.92521393952125,12.516521032415064,57.26688514352347,10.858192236417281
EC145,2021,47.24729991692052,57.35788237222389,57.35788237222389,10.110582455303373,56.87928345038932,9.631983533468805,59.609784472860106,12.362484555939588,59.05652709156007,11.809227174639553,61.13354642283538,13.886246505914862
EC153,2021,44.51142154719496,52.14336886120736,52.14336886120736,7.631947314012393,51.66476993937279,7.153348392177826,53.56768672988208,9.056265182687113,53.931752699451295,9.420331152256331,52.44379863001068,7.932377082815719
EC154,2021,50.99412443605078,55.96372599417401,55.96372599417401,4.96960155812323,55.485127072339445,4.491002636288663,56.581004348836984,5.586879912786202,56.311839305643915,5.317714869593132,54.73458960201993,3.740465165969148
EC155,2021,42.30577781740106,50.66942442843163,50.66942442843163,8.363646611030575,50.190825506597065,7.885047689196007,52.49675565740315,10.190977840002091,53.08785082114781,10.782073003746753,51.95408586088164,9.648308043480583
EC156,2021,45.521875402516,53.10672703084555,53.10672703084555,7.584851628329545,52.62812810901098,7.106252706494978,54.91943797145546,9.397562568939456,54.98573658867094,9.463861186154936,53.81635078614504,8.294475383629035
EC157,2021,39.41654604164347,45.112710830266856,45.112710830266856,5.696164788623385,44.63411190843229,5.217565866788817,53.45073032334574,14.034184281702267,53.73663204705131,14.320086005407838,54.435523901129606,15.018977859486135
EC441,2021,52.363148984198645,59.29563746347465,59.29563746347465,6.932488479276003,58.81703854164008,6.453889557441435,59.439493438366654,7.076344454168009,58.55071158153175,6.187562597333105,57.28723900148432,4.924090017285678
EC442,2021,47.02229299363057,54.259998646545306,54.259998646545306,7.237705652914734,53.78139972471074,6.759106731080166,56.11819220450364,9.095899210873071,55.888630351243954,8.866337357613382,53.67337444462062,6.651081450990048
EC443,2021,46.61761286499704,56.51989228960443,56.51989228960443,9.902279424607386,56.04129336776986,9.423680502772818,56.59614719318462,9.978534328187578,56.35345189777821,9.735839032781165,54.05532232365633,7.437709458659285
EC444,2021,48.343492451452335,53.49486255983286,53.49486255983286,5.151370108380526,53.01626363799829,4.672771186545958,54.471228121995985,6.12773567054365,54.656735166400516,6.313242714948181,53.94888220051638,5.605389749064045
NMA,2021,45.78411370377355,63.53368340016775,63.53368340016775,17.749569696394204,63.055084478333185,17.270970774559636,63.84072659526998,18.056612891496428,63.059931783352866,17.275818079579317,62.22645296024926,16.442339256475712
