TestYear,Role,Model,TrainYears,MAE,RMSE,R2,Bias,r,n
2011,validation,Provincial average (no municipal pattern),2006,3.6151411174888297,4.641487830575228,1.1102230246251565e-16,1.2380668880668413e-15,,33
2011,validation,Relative persistence,2006,4.226460005600265,4.9732559952477775,-0.148066903953189,4.306319610667274e-16,0.26526668425485644,33
2011,validation,Shrunk persistence,2006,3.5047587703768768,4.500971624157873,0.0596314029559859,1.1573233953668298e-15,0.26526668425485644,33
2011,validation,Ridge regression,2006,3.789938447677157,4.831079595299655,-0.08336288612847986,0.22846438512315984,-0.16535969410441703,33
2011,validation,Random forest,2006,3.735411351925471,4.814855927360053,-0.07609883368243975,-0.010304246444157871,0.06128972547213094,33
2016,validation,Provincial average (no municipal pattern),"2006,2011",3.3505753833081466,4.285382531511294,0.0,1.5072118637335459e-15,,33
2016,validation,Relative persistence,"2006,2011",1.5692105712259201,2.6485630364166375,0.6180192848522472,2.691449756667046e-16,0.8268505679131675,33
2016,validation,Shrunk persistence,"2006,2011",2.624110596918934,3.33927595242037,0.3928088542113206,1.2649813856335118e-15,0.8268505679131675,33
2016,validation,Ridge regression,"2006,2011",2.834590419137294,3.669748640712672,0.26668014035891885,-0.021988082722289803,0.7592803873405971,33
2016,validation,Random forest,"2006,2011",2.4806550287034197,3.2432544763560083,0.4272265715227185,-0.11720056802814954,0.719272824854206,33
2021,test,Provincial average (no municipal pattern),"2006,2011,2016",2.984192479422654,3.8981267521924226,1.1102230246251565e-16,-3.875687649600546e-15,,33
2021,test,Relative persistence,"2006,2011,2016",2.0832480936794866,2.780580903680935,0.4911858758047649,-5.382899513334092e-15,0.7730715554991686,33
2021,test,Shrunk persistence,"2006,2011,2016",2.24339472550071,2.699742196463535,0.5203409136881859,-4.602379083900649e-15,0.7730715554991685,33
2021,test,Ridge regression,"2006,2011,2016",2.349318230356283,2.939844261485022,0.43122992933694115,0.26699406353763616,0.6778473569160028,33
2021,test,Random forest,"2006,2011,2016",2.3350340335830584,2.9701266758179656,0.4194521360069431,0.07065454487529366,0.6502847437650124,33
