TestYear,Role,RelativeModel,LevelMethod,AssumedLevel,ActualLevel,MAE,RMSE,R2,Bias,r,n
2011,validation,Provincial average (no municipal pattern),Previous level,57.186928044956495,58.03492187022997,3.552292943127525,4.718315675013688,-0.03337881754507288,-0.8479938252734756,,33
2011,validation,Provincial average (no municipal pattern),Average level change,58.06942212773034,58.03492187022997,3.6203684292313096,4.6416160493028205,-5.524974028259244e-05,0.03450025750037029,,33
2011,validation,Relative persistence,Previous level,57.186928044956495,58.03492187022997,4.149369657848131,5.045034065491521,-0.18144572149826188,-0.8479938252734764,0.2652666842548564,33
2011,validation,Relative persistence,Average level change,58.06942212773034,58.03492187022997,4.229596392645752,4.973375660659021,-0.14812215369347137,0.034500257500369,0.26526668425485644,33
2011,validation,Shrunk persistence,Previous level,57.186928044956495,58.03492187022997,3.4970035897408587,4.580157103110799,0.02625258541091291,-0.8479938252734756,0.2652666842548557,33
2011,validation,Shrunk persistence,Average level change,58.06942212773034,58.03492187022997,3.5084154914803483,4.501103845640751,0.05957615321570331,0.03450025750037029,0.2652666842548558,33
2011,validation,Ridge regression,Previous level,57.186928044956495,58.03492187022997,3.6615744608072562,4.865280136648242,-0.09875602783655268,-0.6195294401503171,-0.1653596941044165,33
2011,validation,Ridge regression,Average level change,58.06942212773034,58.03492187022997,3.7951657594196373,4.832834001299971,-0.0841498752154426,0.2629646426235288,-0.16535969410441653,33
2011,validation,Random forest,Previous level,57.186928044956495,58.03492187022997,3.7377276883677064,4.890747080319495,-0.1102888447804562,-0.858298071717635,0.06128972547213126,33
2011,validation,Random forest,Average level change,58.06942212773034,58.03492187022997,3.738547738970958,4.814905696967541,-0.07612108036818865,0.02419601105621097,0.06128972547213127,33
2016,validation,Provincial average (no municipal pattern),Previous level,58.03492187022997,56.22973020128737,3.6993945319835646,4.650077462043179,-0.1774465055383243,1.8051916689426066,,33
2016,validation,Provincial average (no municipal pattern),Average level change,58.900165824253634,56.22973020128737,4.092687238357955,5.049329644397302,-0.3883157766377663,2.6704356229662682,,33
2016,validation,Relative persistence,Previous level,58.03492187022997,56.22973020128737,2.4917440330357086,3.205246187033425,0.440572779313923,1.8051916689426053,0.8268505679131675,33
2016,validation,Relative persistence,Average level change,58.900165824253634,56.22973020128737,3.2563067245948365,3.7611318209123903,0.22970350821448116,2.6704356229662674,0.8268505679131676,33
2016,validation,Shrunk persistence,Previous level,58.03492187022997,56.22973020128737,3.125886397952339,3.7959821980658393,0.2153623486729963,1.8051916689426064,0.8268505679131676,33
2016,validation,Shrunk persistence,Average level change,58.900165824253634,56.22973020128737,3.551092050670199,4.275744415048706,0.004493077573554549,2.6704356229662674,0.8268505679131675,33
2016,validation,Ridge regression,Previous level,58.03492187022997,56.22973020128737,3.2158188586321597,4.0799983627618905,0.09355639844695574,1.783203586220316,0.7592803873405968,33
2016,validation,Ridge regression,Average level change,58.900165824253634,56.22973020128737,3.6277587504195647,4.525576867500439,-0.11524093472105634,2.6484475402439767,0.7592803873405969,33
2016,validation,Random forest,Previous level,58.03492187022997,56.22973020128737,2.901668652534215,3.6543505007078294,0.27282119962299956,1.687991100914456,0.7192728248542055,33
2016,validation,Random forest,Average level change,58.900165824253634,56.22973020128737,3.353532054919407,4.126011739079522,0.07299574282740484,2.553235054938118,0.7192728248542054,33
2021,test,Provincial average (no municipal pattern),Previous level,56.22973020128737,48.02586402972495,8.251445693501365,9.082885683364312,-4.429199284932312,8.203866171562412,,33
2021,test,Provincial average (no municipal pattern),Average level change,56.204828947655606,48.02586402972495,8.228053606756378,9.060400615033455,-4.402352131042736,8.178964917930651,,33
2021,test,Relative persistence,Previous level,56.22973020128737,48.02586402972495,8.203866171562412,8.662277432801446,-3.938013409127546,8.203866171562412,0.7730715554991687,33
2021,test,Relative persistence,Average level change,56.204828947655606,48.02586402972495,8.178964917930651,8.638697661722826,-3.911166255237971,8.178964917930651,0.7730715554991686,33
2021,test,Shrunk persistence,Previous level,56.22973020128737,48.02586402972495,8.203866171562414,8.63666764952038,-3.9088583712441256,8.203866171562414,0.7730715554991684,33
2021,test,Shrunk persistence,Average level change,56.204828947655606,48.02586402972495,8.178964917930651,8.613017767084086,-3.8820112173545507,8.178964917930651,0.7730715554991684,33
2021,test,Ridge regression,Previous level,56.22973020128737,48.02586402972495,8.470860235100051,8.962525959483822,-4.286265115319316,8.470860235100051,0.6778473569160026,33
2021,test,Ridge regression,Average level change,56.204828947655606,48.02586402972495,8.445958981468292,8.938994438328452,-4.258542895249515,8.445958981468292,0.6778473569160026,33
2021,test,Random forest,Previous level,56.22973020128737,48.02586402972495,8.27452071643771,8.7911520003041,-4.086038754150148,8.27452071643771,0.6502847437650127,33
2021,test,Random forest,Average level change,56.204828947655606,48.02586402972495,8.249619462805951,8.767718157354324,-4.0589600318059045,8.249619462805951,0.6502847437650126,33
