MuniCode,Year,Turnout_%,RelativeTurnout_pts,PreviousRelative_pts,PreviousTurnout_%,Rel|Provincial average (no municipal pattern),Full|Provincial average (no municipal pattern),Rel|Relative persistence,Full|Relative persistence,Rel|Shrunk persistence,Full|Shrunk persistence,Rel|Ridge regression,Full|Ridge regression,Rel|Random forest,Full|Random forest
BUF,2011,56.26146371879141,-1.773458151438561,-4.926145809839603,52.26078223511689,0.0,57.186928044956495,-4.926145809839603,52.26078223511689,-1.0869596729233675,56.099968372033125,-0.7461320955432261,56.44079594941327,-2.48034291920382,54.706585125752675
EC101,2011,62.35411105877427,4.3191891885443,-3.5170557816493755,53.66987226330712,0.0,57.186928044956495,-3.5170557816493755,53.66987226330712,-0.7760423563668973,56.410885688589595,-1.072077356594845,56.11485068836165,-1.3809436505669421,55.805984394389554
EC102,2011,59.039596584722936,1.004674714492964,-3.860852298666458,53.32607574629004,0.0,57.186928044956495,-3.860852298666458,53.32607574629004,-0.851901448670389,56.335026596286106,-0.2516786238213288,56.93524942113517,-1.0896657916542207,56.097262253302276
EC104,2011,55.79819948301988,-2.2367223872100936,-4.789055358642365,52.39787268631413,0.0,57.186928044956495,-4.789055358642365,52.39787268631413,-1.05671050902395,56.130217535932545,-0.2535266952687742,56.93340134968772,0.3239071172322846,57.51083516218878
EC105,2011,67.14926841263986,9.114346542409884,5.572730760863877,62.75965880582037,0.0,57.186928044956495,5.572730760863877,62.75965880582037,1.2296293773967313,58.41655742235323,0.8075972494471241,57.99452529440362,1.1984903544297938,58.38541839938629
EC106,2011,64.68501143262635,6.650089562396381,2.868215115170756,60.05514316012725,0.0,57.186928044956495,2.868215115170756,60.05514316012725,0.6328749257142623,57.81980297067076,1.0115745532657858,58.198502598222284,1.4281870257875844,58.61511507074408
EC108,2011,68.26674443472344,10.231822564493465,0.9752752803385932,58.16220332529509,0.0,57.186928044956495,0.9752752803385932,58.16220332529509,0.2151955992877116,57.402123644244206,-1.3789133530314421,55.80801469192505,-0.5887838188391955,56.5981442261173
EC109,2011,61.704074492706816,3.669152622476844,-4.738048407390679,52.44887963756582,0.0,57.186928044956495,-4.738048407390679,52.44887963756582,-1.0454557672461875,56.14147227771031,-0.7928369235526874,56.39409112140381,-1.6898187731377967,55.4971092718187
EC121,2011,56.57431394072448,-1.4606079295054926,6.522821619105613,63.70974966406211,0.0,57.186928044956495,6.522821619105613,63.70974966406211,1.4392680053194287,58.62619605027592,0.9075919695277286,58.094520014484225,-0.589601525684009,56.597326519272485
EC122,2011,54.57690433652753,-3.4580175337024457,0.4949814570814865,57.68190950203798,0.0,57.186928044956495,0.4949814570814865,57.68190950203798,0.10921822119389167,57.29614626615039,0.01740309106832412,57.20433113602482,-2.279462345199971,54.90746569975652
EC123,2011,60.98957844333865,2.9546565731086787,6.0330481738306645,63.21997621878716,0.0,57.186928044956495,6.0330481738306645,63.21997621878716,1.3311989378510536,58.51812698280755,1.3558678504240123,58.54279589538051,1.5560766543493254,58.74300469930582
EC124,2011,57.891270600410834,-0.1436512698191379,1.7744246120483351,58.96135265700483,0.0,57.186928044956495,1.7744246120483351,58.96135265700483,0.39152880779264454,57.57845685274914,0.8008922248591313,57.98782026981563,2.2609097228240254,59.44783776778052
EC126,2011,46.679334916864605,-11.355586953365368,0.9990545478057556,58.18598259276225,0.0,57.186928044956495,0.9990545478057556,58.18598259276225,0.22044252168632117,57.40737056664282,1.0555011961753227,58.242429241131816,1.329170876113526,58.51609892107002
EC129,2011,56.91932938120627,-1.1155924890237046,0.3822877130627731,57.56921575801927,0.0,57.186928044956495,0.3822877130627731,57.56921575801927,0.08435221846729377,57.27128026342379,0.4154423959616982,57.60237044091819,1.0970652866050778,58.283993331561575
EC131,2011,59.54758912626497,1.5126672560349943,-3.039305424041018,54.14762262091548,0.0,57.186928044956495,-3.039305424041018,54.14762262091548,-0.6706261968598546,56.51630184809664,-0.4946624200694837,56.692265624887014,-1.4712271381849307,55.715700906771566
EC135,2011,60.43742810018157,2.402506229951598,3.888624243412181,61.07555228836868,0.0,57.186928044956495,3.888624243412181,61.07555228836868,0.8580293598493396,58.044957404805835,0.9469776337343453,58.13390567869084,2.6935751406262822,59.880503185582775
EC136,2011,62.09620514585664,4.061283275626671,1.0068208757825872,58.19374892073908,0.0,57.186928044956495,1.0068208757825872,58.19374892073908,0.22215617078307562,57.40908421573957,0.7963074380549624,57.983235483011455,1.546673356647203,58.7336014016037
EC137,2011,54.89530114413183,-3.139620726098144,0.5431896217379872,57.73011766669448,0.0,57.186928044956495,0.5431896217379872,57.73011766669448,0.11985540752780005,57.3067834524843,0.3961319188530603,57.58305996380955,0.9183293751947391,58.10525742015123
EC138,2011,57.56557517572433,-0.4693466945056457,-1.3191594499151762,55.86776859504132,0.0,57.186928044956495,-1.3191594499151762,55.86776859504132,-0.29107403222809936,56.89585401272839,0.3766683509374978,57.563596395893995,-1.198954608027259,55.98797343692924
EC139,2011,56.85705703128352,-1.177864838946455,-5.455578439407702,51.73134960554879,0.0,57.186928044956495,-5.455578439407702,51.73134960554879,-1.2037795844901014,55.983148460466396,-0.15729190362410062,57.0296361413324,-1.5026662149858263,55.684261829970666
EC141,2011,55.908289241622576,-2.126632628607396,-0.1861410377303372,57.00078700722616,0.0,57.186928044956495,-0.1861410377303372,57.00078700722616,-0.04107223157805216,57.145855813378446,0.5303888677438913,57.71731691270038,1.3828867513976952,58.569814796354194
EC142,2011,59.33658972639913,1.3016678561691606,4.363065436988492,61.54999348194499,0.0,57.186928044956495,4.363065436988492,61.54999348194499,0.9627153485508941,58.14964339350739,1.206584605634428,58.39351265059092,2.6369399666086326,59.823868011565125
EC145,2011,61.9177304964539,3.882808626223927,-0.9974961627883444,56.18943188216815,0.0,57.186928044956495,-0.9974961627883444,56.18943188216815,-0.22009866226067637,56.96682938269582,0.11556546131381833,57.30249350627032,-0.8769183477099355,56.31000969724656
EC153,2011,53.19939926631706,-4.8355226039129136,-1.4487488568179927,55.7381791881385,0.0,57.186928044956495,-1.4487488568179927,55.7381791881385,-0.3196680821768573,56.86725996277964,0.43715054657987323,57.62407859153637,-1.5244801477380197,55.66244789721848
EC154,2011,56.56948793719402,-1.4654339330359534,3.6733731405609618,60.86030118551746,0.0,57.186928044956495,3.6733731405609618,60.86030118551746,0.8105339593103991,57.99746200426689,1.0163820125396967,58.20331005749619,2.7498505536886544,59.93677859864515
EC155,2011,53.90975985974258,-4.125162010487394,2.356716897538348,59.54364494249484,0.0,57.186928044956495,2.356716897538348,59.54364494249484,0.5200122625287587,57.706940307485254,0.7283970646864768,57.91532510964297,-0.6659644004492715,56.520963644507226
EC156,2011,56.31196883852692,-1.7229530317030497,1.4861723616969726,58.67310040665347,0.0,57.186928044956495,1.4861723616969726,58.67310040665347,0.32792562107098655,57.514853666027484,0.5557863876363524,57.74271443259285,-0.10880759417151427,57.07812045078498
EC157,2011,47.79798602548294,-10.23693584474703,-7.522749774466334,49.66417827049016,0.0,57.186928044956495,-7.522749774466334,49.66417827049016,-1.6599032895058592,55.52702475545064,-1.2908729578496505,55.896055087106845,-2.256885845728318,54.930042199228176
EC441,2011,59.93255876068376,1.8976368904537888,0.8324097810030722,58.01933782595957,0.0,57.186928044956495,0.8324097810030722,58.01933782595957,0.18367216445157794,57.370600209408074,-0.21362921643214206,56.97329882852436,-0.40931994284885637,56.77760810210764
EC442,2011,54.82132574234835,-3.2135961278816225,-1.3956182950072673,55.79130974994923,0.0,57.186928044956495,-1.3956182950072673,55.79130974994923,-0.3079447633151485,56.87898328164135,0.46456752123288014,57.651495566189375,0.9605808686002013,58.1475089135567
EC443,2011,56.51447518356366,-1.520446686666311,0.2014865542528099,57.388414599209305,0.0,57.186928044956495,0.2014865542528099,57.388414599209305,0.04445823724333112,57.23138628219983,0.7074715475133928,57.89439959246989,-1.4257382360011555,55.761189808955336
EC444,2011,53.962245272320985,-4.072676597908988,0.2369959700684063,57.4239240150249,0.0,57.186928044956495,0.2369959700684063,57.4239240150249,0.052293430209711715,57.239221475166204,0.6918668596099515,57.87879490456645,1.437007008968516,58.62393505392501
NMA,2011,64.68224840641298,6.647326536183009,-1.0157390659870489,56.17118897896945,0.0,57.186928044956495,-1.0157390659870489,56.17118897896945,-0.22412397958977956,56.96280406536672,-1.1511704919478412,56.03575755300865,-2.3201088915997525,54.866819153356744
BUF,2016,55.74951556399805,-0.4802146372893148,-1.773458151438561,56.26146371879141,0.0,58.03492187022997,-1.773458151438561,56.26146371879141,-0.4707904239359354,57.564131446294034,-0.6270173011174617,57.40790456911251,-1.6324644593949815,56.40245741083499
EC101,2016,61.31044097145792,5.080710770170555,4.3191891885443,62.35411105877427,0.0,58.03492187022997,4.3191891885443,62.35411105877427,1.1465919889256126,59.18151385915559,1.332110206835716,59.36703207706569,2.772432623853468,60.80735449408344
EC102,2016,59.83017635532332,3.60044615403595,1.004674714492964,59.039596584722936,0.0,58.03492187022997,1.004674714492964,59.039596584722936,0.26670560811947275,58.301627478349445,1.0368626517252488,59.07178452195522,0.2725746939765371,58.30749656420651
EC104,2016,52.58631837579206,-3.6434118254953054,-2.2367223872100936,55.79819948301988,0.0,58.03492187022997,-2.2367223872100936,55.79819948301988,-0.5937706959972312,57.44115117423274,0.07765504241554949,58.11257691264552,0.8853944785893866,58.920316348819355
EC105,2016,65.23291249455812,9.003182293270754,9.114346542409884,67.14926841263986,0.0,58.03492187022997,9.114346542409884,67.14926841263986,2.4195366939555494,60.45445856418552,1.4893898368505023,59.52431170708047,2.6552732235953016,60.690195093825274
EC106,2016,57.68799102132436,1.4582608200369904,6.650089562396381,64.68501143262635,0.0,58.03492187022997,6.650089562396381,64.68501143262635,1.7653636099351702,59.800285480165144,1.0320389201494669,59.06696079037944,2.7777688992607894,60.812690769490764
EC108,2016,66.11230544328834,9.882575242000968,10.231822564493465,68.26674443472344,0.0,58.03492187022997,10.231822564493465,68.26674443472344,2.7161870602177713,60.75110893044774,1.882442623642744,59.91736449387272,3.2263207951401394,61.26124266537011
EC109,2016,59.31514231127223,3.085412109984865,3.669152622476844,61.704074492706816,0.0,58.03492187022997,3.669152622476844,61.704074492706816,0.9740302680502049,59.00895213828018,1.4811329338765409,59.51605480410651,2.2246092852793042,60.25953115550928
EC121,2016,53.28622778457678,-2.9435024167105865,-1.4606079295054926,56.57431394072448,0.0,58.03492187022997,-1.4606079295054926,56.57431394072448,-0.3877397534180846,57.64718211681189,-0.1316687930040162,57.903253077225955,-1.4457163059290168,56.589205564300954
EC122,2016,51.1882404215698,-5.0414897797175655,-3.4580175337024457,54.57690433652753,0.0,58.03492187022997,-3.4580175337024457,54.57690433652753,-0.9179813684067482,57.11694050182322,-0.611206994498388,57.423714875731584,-2.7656468146325968,55.269275055597376
EC123,2016,59.29884082555839,3.069110624271026,2.9546565731086787,60.98957844333865,0.0,58.03492187022997,2.9546565731086787,60.98957844333865,0.7843568338562643,58.81927870408624,0.5307786013377163,58.56570047156769,1.5568410468727187,59.59176291710269
EC124,2016,53.81244687883653,-2.417283322450835,-0.1436512698191379,57.891270600410834,0.0,58.03492187022997,-0.1436512698191379,57.891270600410834,-0.03813433215902434,57.99678753807095,-0.21195002259235762,57.82297184763762,-0.41453466429623365,57.62038720593374
EC126,2016,57.211452047759664,0.981721846472297,-11.355586953365368,46.679334916864605,0.0,58.03492187022997,-11.355586953365368,46.679334916864605,-3.01450676548511,55.02041510474486,-1.5675095441861677,56.46741232604381,-1.5750215880855472,56.459900282144424
EC129,2016,54.84975229921773,-1.3799779020696403,-1.1155924890237046,56.91932938120627,0.0,58.03492187022997,-1.1155924890237046,56.91932938120627,-0.29615035484270374,57.73877151538727,-0.42281825171885223,57.61210361851112,-0.3669227479517634,57.66799912227821
EC131,2016,56.96767722522406,0.737947023936691,1.5126672560349943,59.54758912626497,0.0,58.03492187022997,1.5126672560349943,59.54758912626497,0.40155966362389495,58.436481533853865,0.9031618686322773,58.93808373886225,1.0357373320619574,59.07065920229193
EC135,2016,57.87933998819575,1.6496097869083854,2.402506229951598,60.43742810018157,0.0,58.03492187022997,2.402506229951598,60.43742810018157,0.6377804435870972,58.67270231381707,-0.20806327571582311,57.82685859451415,0.32262248476323746,58.35754435499321
EC136,2016,59.63950480714483,3.4097746058574643,4.061283275626671,62.09620514585664,0.0,58.03492187022997,4.061283275626671,62.09620514585664,1.0781270894411878,59.11304895967116,0.10274491372941047,58.13766678395938,1.2299058020118054,59.26482767224178
EC137,2016,51.02593408985768,-5.203796111429689,-3.139620726098144,54.89530114413183,0.0,58.03492187022997,-3.139620726098144,54.89530114413183,-0.8334582755385652,57.201463594691404,-0.7028899252132437,57.33203194501673,-0.08089726869092037,57.954024601539054
EC138,2016,55.11556542178114,-1.1141647795062255,-0.4693466945056457,57.56557517572433,0.0,58.03492187022997,-0.4693466945056457,57.56557517572433,-0.12459494975960131,57.91032692047037,0.09561622158623018,58.130538091816206,0.025347463428948506,58.06026933365892
EC139,2016,53.76499809869012,-2.464732102597246,-1.177864838946455,56.85705703128352,0.0,58.03492187022997,-1.177864838946455,56.85705703128352,-0.31268146159356647,57.72224040863641,-0.5156390227041179,57.51928284752586,-2.3585980997125873,55.676323770517385
EC141,2016,54.49110231167734,-1.7386278896100291,-2.126632628607396,55.908289241622576,0.0,58.03492187022997,-2.126632628607396,55.908289241622576,-0.5645457582215488,57.470376112008424,-0.3042639116979242,57.73065795853205,0.11453989216485111,58.14946176239482
EC142,2016,57.76729802860456,1.53756782731719,1.3016678561691606,59.33658972639913,0.0,58.03492187022997,1.3016678561691606,59.33658972639913,0.3455467845872592,58.38046865481723,-0.21369057565127939,57.821231294578695,-0.20233537018955366,57.83258650004042
EC145,2016,57.35788237222389,1.1281521709365236,3.882808626223927,61.9177304964539,0.0,58.03492187022997,3.882808626223927,61.9177304964539,1.0307483814711247,59.0656702517011,0.9515430841643616,58.986464954394336,2.1895413476742855,60.22446321790426
EC153,2016,52.14336886120736,-4.0863613400800105,-4.8355226039129136,53.19939926631706,0.0,58.03492187022997,-4.8355226039129136,53.19939926631706,-1.2836602514704591,56.751261618759514,-1.1884998646656302,56.84642200556434,-3.213279062775522,54.82164280745445
EC154,2016,55.96372599417401,-0.2660042071133546,-1.4654339330359534,56.56948793719402,0.0,58.03492187022997,-1.4654339330359534,56.56948793719402,-0.389020886692179,57.64590098353779,-0.5634617074798032,57.47146016275017,-0.23267052611815658,57.802251344111816
EC155,2016,50.66942442843163,-5.560305772855735,-4.125162010487394,53.90975985974258,0.0,58.03492187022997,-4.125162010487394,53.90975985974258,-1.0950846345860654,56.93983723564391,-1.0066960141180377,57.02822585611194,-3.032734483250537,55.002187386979436
EC156,2016,53.10672703084555,-3.1230031704418195,-1.7229530317030497,56.31196883852692,0.0,58.03492187022997,-1.7229530317030497,56.31196883852692,-0.45738310067210236,57.57753876955787,-0.793570823591372,57.2413510466386,-1.6879465020925513,56.34697536813742
EC157,2016,45.112710830266856,-11.117019371020511,-10.23693584474703,47.79798602548294,0.0,58.03492187022997,-10.23693584474703,47.79798602548294,-2.717544455302807,55.317377414927165,-1.0775580231570348,56.95736384707294,-2.425097347515457,55.60982452271452
EC441,2016,59.29563746347465,3.065907262187281,1.8976368904537888,59.93255876068376,0.0,58.03492187022997,1.8976368904537888,59.93255876068376,0.5037554877787933,58.53867735800877,0.16351374952392567,58.1984356197539,0.21603935332069454,58.25096122355067
EC442,2016,54.259998646545306,-1.9697315547420613,-3.2135961278816225,54.82132574234835,0.0,58.03492187022997,-3.2135961278816225,54.82132574234835,-0.8530961287003241,57.18182574152965,-0.7370872575993724,57.2978346126306,-1.4542330606135252,56.58068880961645
EC443,2016,56.51989228960443,0.2901620883170608,-1.520446686666311,56.51447518356366,0.0,58.03492187022997,-1.520446686666311,56.51447518356366,-0.40362482735044075,57.63129704287953,-0.7506857782135286,57.28423609201644,-2.750267995526085,55.284653874703885
EC444,2016,53.49486255983286,-2.734867641454507,-4.072676597908988,53.962245272320985,0.0,58.03492187022997,-4.072676597908988,53.962245272320985,-1.081151613602065,56.953770256627905,-0.7649736334712042,57.269948236758765,-0.03297310084430477,58.00194876938567
NMA,2016,63.53368340016775,7.303953198880386,6.647326536183009,64.68224840641298,0.0,58.03492187022997,6.647326536183009,64.68224840641298,1.7646301241851485,59.79955199441512,0.594653336090319,58.62957520632029,0.2987719306969314,58.3336938009269
BUF,2021,45.22566582858942,-2.800198201135529,-0.4802146372893148,55.74951556399805,0.0,56.22973020128737,-0.4802146372893148,55.74951556399805,-0.2162452175559825,56.01348498373139,-0.13107310658648183,56.09865709470088,-0.4307007825676337,55.79902941871973
EC101,2021,46.86443013554481,-1.161433894180142,5.080710770170555,61.31044097145792,0.0,56.22973020128737,5.080710770170555,61.31044097145792,2.2878923725363953,58.517622573823765,3.57023079677336,59.799960998060726,3.7918882614013567,60.02161846268872
EC102,2021,52.7676722449208,4.741808215195853,3.60044615403595,59.83017635532332,0.0,56.22973020128737,3.60044615403595,59.83017635532332,1.6213151399819454,57.85104534126931,3.2371151999487915,59.46684540123616,3.7077156310788237,59.937445832366194
EC104,2021,42.92552216929278,-5.100341860432167,-3.6434118254953054,52.58631837579206,0.0,56.22973020128737,-3.6434118254953054,52.58631837579206,-1.640662990402776,54.58906721088459,0.19244298580427566,56.422173187091644,1.3469014589804815,57.57663166026785
EC105,2021,55.53447185325743,7.508607823532479,9.003182293270754,65.23291249455812,0.0,56.22973020128737,9.003182293270754,65.23291249455812,4.054218598363045,60.28394879965041,4.294856901829818,60.524587103117184,5.326789642156146,61.55651984344351
EC106,2021,46.37692737876488,-1.6489366509600671,1.4582608200369904,57.68799102132436,0.0,56.22973020128737,1.4582608200369904,57.68799102132436,0.6566687139365152,56.886398915223886,1.5528325474731954,57.78256274876056,0.5382749005038933,56.76800510179126
EC108,2021,57.01479231328006,8.988928283555111,9.882575242000968,66.11230544328834,0.0,56.22973020128737,9.882575242000968,66.11230544328834,4.45021760536706,60.679947806654425,4.498500034374257,60.72823023566163,6.17167236984705,62.40140257113442
EC109,2021,51.0050859772342,2.9792219475092523,3.085412109984865,59.31514231127223,0.0,56.22973020128737,3.085412109984865,59.31514231127223,1.3893904124616863,57.619120613749054,3.457806770146837,59.687536971434206,3.840260473662266,60.069990674949636
EC121,2021,46.00883748662534,-2.017026543099611,-2.9435024167105865,53.28622778457678,0.0,56.22973020128737,-2.9435024167105865,53.28622778457678,-1.325487128154026,54.904243073133344,-1.2912461486515752,54.93848405263579,-3.1332762825195895,53.09645391876778
EC122,2021,42.301753111090925,-5.724110918634025,-5.0414897797175655,51.1882404215698,0.0,56.22973020128737,-5.0414897797175655,51.1882404215698,-2.270230787581087,53.95949941370628,-1.9211337041978365,54.30859649708953,-3.654916085015497,52.57481411627187
EC123,2021,54.892667967661,6.866803937936048,3.069110624271026,59.29884082555839,0.0,56.22973020128737,3.069110624271026,59.29884082555839,1.3820496984331152,57.61177989972048,2.0719413496715924,58.30167155095896,1.8409268702618087,58.07065707154918
EC124,2021,47.20460513027671,-0.8212588994482388,-2.417283322450835,53.81244687883653,0.0,56.22973020128737,-2.417283322450835,53.81244687883653,-1.088525666165612,55.14120453512176,-0.8233536867445264,55.40637651454284,-0.8196971426852325,55.41003305860213
EC126,2021,52.45215644702338,4.426292417298427,0.981721846472297,57.211452047759664,0.0,56.22973020128737,0.981721846472297,57.211452047759664,0.4420786827077968,56.67180888399516,-0.05806627233270792,56.17166392895466,-0.40766561908696014,55.822064582200404
EC129,2021,48.03007823892672,0.0042142092017698,-1.3799779020696403,54.84975229921773,0.0,56.22973020128737,-1.3799779020696403,54.84975229921773,-0.6214171715797003,55.608313029707666,-0.8891847278989069,55.34054547338846,-1.3503980111862863,54.87933219010108
EC131,2021,49.15294196894682,1.12707793922187,0.737947023936691,56.96767722522406,0.0,56.22973020128737,0.737947023936691,56.96767722522406,0.3323045620532365,56.562034763340606,2.063547276118708,58.29327747740608,3.127297112589694,59.35702731387706
EC135,2021,48.07052118565075,0.0446571559257975,1.6496097869083854,57.87933998819575,0.0,56.22973020128737,1.6496097869083854,57.87933998819575,0.7428349732654413,56.972565174552805,-0.03947603398986918,56.190254167297496,-0.524138962360106,55.70559123892726
EC136,2021,52.73847712307952,4.71261309335457,3.4097746058574643,59.63950480714483,0.0,56.22973020128737,3.4097746058574643,59.63950480714483,1.535453928732044,57.76518413001941,0.7255703621949605,56.955300563482325,1.188020110342601,57.417750311629966
EC137,2021,46.70806747289289,-1.317796556832057,-5.203796111429689,51.02593408985768,0.0,56.22973020128737,-5.203796111429689,51.02593408985768,-2.3433188721299474,53.88641132915742,-2.17446897780336,54.05526122348401,-1.2440694316841356,54.98566076960323
EC138,2021,48.24164113494072,0.2157771052157713,-1.1141647795062255,55.11556542178114,0.0,56.22973020128737,-1.1141647795062255,55.11556542178114,-0.5017189948593389,55.72801120642803,-0.211809090785235,56.01792111050213,-0.6334332982153559,55.59629690307201
EC139,2021,47.0376020971535,-0.9882619325714472,-2.464732102597246,53.76499809869012,0.0,56.22973020128737,-2.464732102597246,53.76499809869012,-1.1098923030583248,55.119837898229044,-0.9854481525555225,55.24428204873185,-2.796053634594927,53.43367656669244
EC141,2021,47.76319664888569,-0.262667380839261,-1.7386278896100291,54.49110231167734,0.0,56.22973020128737,-1.7386278896100291,54.49110231167734,-0.7829206713895082,55.44680952989786,-1.0832952249728667,55.1464349763145,-1.1624724617847946,55.06725773950257
EC142,2021,46.408692907106186,-1.617171122618764,1.53756782731719,57.76729802860456,0.0,56.22973020128737,1.53756782731719,57.76729802860456,0.6923814134490218,56.92211161473639,1.1363347437786098,57.36606494506598,0.5478182343234926,56.77754843561086
EC145,2021,47.24729991692052,-0.7785641128044318,1.1281521709365236,57.35788237222389,0.0,56.22973020128737,1.1281521709365236,57.35788237222389,0.5080176502271951,56.73774785151456,1.5089414899602003,57.73867169124757,1.6616209781970321,57.8913511794844
EC153,2021,44.51142154719496,-3.5144424825299865,-4.0863613400800105,52.14336886120736,0.0,56.22973020128737,-4.0863613400800105,52.14336886120736,-1.8401273688489883,54.38960283243838,-2.2870850579830395,53.942645143304325,-3.518502452268011,52.71122774901936
EC154,2021,50.99412443605078,2.9682604063258324,-0.2660042071133546,55.96372599417401,0.0,56.22973020128737,-0.2660042071133546,55.96372599417401,-0.11978422391023172,56.10994597737714,-0.48595528219548106,55.743774919091884,-0.9557798626775239,55.27395033860984
EC155,2021,42.30577781740106,-5.720086212323892,-5.560305772855735,50.66942442843163,0.0,56.22973020128737,-5.560305772855735,50.66942442843163,-2.503858562738,53.725871638549364,-2.805350116059405,53.42438008522796,-3.6539792585152555,52.57575094277211
EC156,2021,45.521875402516,-2.5039886272089475,-3.1230031704418195,53.10672703084555,0.0,56.22973020128737,-3.1230031704418195,53.10672703084555,-1.4063180244406956,54.823412176846674,-1.5064355388280115,54.72329466245935,-2.198520103634741,54.031210097652625
EC157,2021,39.41654604164347,-8.609317988081479,-11.117019371020511,45.112710830266856,0.0,56.22973020128737,-11.117019371020511,45.112710830266856,-5.006099535054496,51.22363066623287,-3.173350775754114,53.05637942553325,-4.037784559682901,52.19194564160446
EC441,2021,52.363148984198645,4.337284954473695,3.065907262187281,59.29563746347465,0.0,56.22973020128737,3.065907262187281,59.29563746347465,1.3806071940258773,57.610337395313245,0.709363607022688,56.939093808310055,0.4140823017145956,56.64381250300196
EC442,2021,47.02229299363057,-1.003571036094378,-1.9697315547420613,54.259998646545306,0.0,56.22973020128737,-1.9697315547420613,54.259998646545306,-0.8869888493745802,55.342741351912785,-1.0244607930268606,55.205269408260506,-1.9585351776321798,54.27119502365519
EC443,2021,46.61761286499704,-1.4082511647279077,0.2901620883170608,56.51989228960443,0.0,56.22973020128737,0.2901620883170608,56.51989228960443,0.13066274753474114,56.36039294882211,-0.738291575782725,55.49143862550464,-2.4137920830064954,53.81593811828087
EC444,2021,48.343492451452335,0.3176284217273846,-2.734867641454507,53.49486255983286,0.0,56.22973020128737,-2.734867641454507,53.49486255983286,-1.2315369049378742,54.99819329634949,-1.3780439672711617,54.851686234016206,-1.218765159866765,55.010965041420604
NMA,2021,45.78411370377355,-2.2417503259514007,7.303953198880386,63.53368340016775,0.0,56.22973020128737,7.303953198880386,63.53368340016775,3.2890395791060314,59.5187697803934,2.798848265064515,59.02857846635188,4.940812004809971,61.17054220609734
