MuniCode,Year,TopShare_%,Margin_pts,ENP,NumberOfParties
BUF,2000,81.26712963916995,68.01522863560493,1.4727333619282574,6
EC101,2000,55.459372114496766,22.21260387811634,2.3556190032581275,4
EC102,2000,70.34117647058824,43.62352941176471,1.7635551240466365,3
EC104,2000,82.0192264295708,67.77993410660288,1.4415638751544944,4
EC105,2000,75.56117229343444,54.61876391647109,1.6249009750835035,4
EC106,2000,83.81055435325453,67.62110870650906,1.3724373355164101,2
EC108,2000,49.37805070067706,3.269826274077573,2.1860821832127733,4
EC109,2000,64.4927536231884,31.70289855072464,1.907714654211693,3
EC121,2000,59.898992079079704,19.79798415815941,1.9245647269502546,2
EC122,2000,65.8930732540756,39.732683135189006,1.9768941610018205,4
EC123,2000,91.41274238227147,84.93767313019391,1.1900968709913544,3
EC124,2000,88.9077265147304,82.06503613118399,1.2547893423497516,3
EC126,2000,95.87524708983088,91.75049417966176,1.0858852026117127,2
EC129,2000,91.65982455382222,85.07411088544143,1.1837158766671612,3
EC131,2000,67.73564040850843,37.312170688870104,1.8125486257094918,3
EC135,2000,79.13864394958402,63.966522193991935,1.5355829337214726,4
EC136,2000,86.00605143721634,79.68986384266263,1.3383436050888242,4
EC137,2000,64.99115502437762,38.296587133796436,1.997771529923467,3
EC138,2000,75.06379876048122,62.094422165512206,1.698765645612396,4
EC139,2000,85.26084509088268,77.79048864193496,1.3601542093467927,4
EC141,2000,85.07912282111013,70.15824564222027,1.340286791998682,2
EC142,2000,87.67684288905436,80.05584512285927,1.2874289903894032,3
EC145,2000,76.29049483802065,56.4495075353032,1.6071304399582367,4
EC153,2000,80.44310076054609,62.73324200481837,1.4731569192934357,3
EC154,2000,74.27369579746039,48.54739159492078,1.618535568950584,2
EC155,2000,69.4091450934527,40.93925012932683,1.7753592451885558,3
EC156,2000,64.19862689393939,28.397253787878782,1.8507544191389167,2
EC157,2000,50.409419732184084,6.584577497306448,2.235526414059527,5
EC442,2000,83.62619549359702,72.09434268114768,1.398646644677969,3
EC443,2000,85.84363461229732,71.68726922459464,1.321085586827658,2
EC444,2000,82.08470657681146,64.16941315362291,1.4166599910332547,2
NMA,2000,65.93225016506031,37.29384927635463,1.931989470969546,7
BUF,2006,81.33421464677933,69.40180849853446,1.4770633685670602,9
EC101,2006,62.28079911209767,33.51831298557158,2.112624668253536,5
EC102,2006,74.44127957931639,52.410166520595965,1.6573242833607278,4
EC104,2006,80.90823169359557,66.94270669247041,1.4822043665586047,7
EC105,2006,77.58369723435226,57.7497439215052,1.5578060603373105,3
EC106,2006,86.99280575539568,77.10791366906474,1.303575337215529,4
EC108,2006,52.219251336898395,20.935828877005346,2.6451581832682334,7
EC109,2006,67.09677419354838,47.323775388291516,1.9911439909782351,4
EC121,2006,83.53592394078612,69.1854900459418,1.391602672989958,5
EC122,2006,79.6747370276782,65.87530116941882,1.5242908265989918,4
EC123,2006,86.03126191383912,80.60998856271445,1.340240509909564,5
EC124,2006,90.13963199791205,85.78102570794728,1.2258066539781864,5
EC126,2006,96.50577557755776,93.01155115511551,1.0723200150916001,2
EC129,2006,85.88453693305526,80.98457589439187,1.3462565659053845,6
EC131,2006,69.93097219534224,42.8423972646926,1.7765513937696678,4
EC135,2006,89.33818832247348,82.3389123120821,1.2432065096945808,3
EC136,2006,91.3801036841621,86.64069449983128,1.1931423699571664,4
EC137,2006,83.7688682059543,74.12147246584334,1.4006900309138028,4
EC138,2006,83.4190684236488,74.49792121767318,1.412660305721424,4
EC139,2006,89.12393533808448,83.88319137841127,1.2523909471296348,5
EC141,2006,88.16204441265403,79.91676691484865,1.2743737390789158,4
EC142,2006,92.65059265059266,89.92088992088992,1.1624563938083947,4
EC145,2006,78.68474501838942,60.11417906351211,1.5290675380425014,4
EC153,2006,92.79776505859907,89.38062142273098,1.1590045601266448,5
EC154,2006,90.3534713420645,82.77707365159836,1.216049350138091,4
EC155,2006,90.05814867201006,81.5983026874116,1.2220284363522655,5
EC156,2006,86.86956163140748,76.92275970143098,1.3069626998870865,4
EC157,2006,72.49885163068443,48.3004134129536,1.7107028813184233,6
EC441,2006,72.83692975499812,51.24796527400977,1.7285438262538857,5
EC442,2006,91.94406145361434,86.00223228940976,1.1776791076132762,4
EC443,2006,94.8120096457562,92.17131406446354,1.111358665224384,6
EC444,2006,91.1463543812158,85.85594068145707,1.1978424917450887,3
NMA,2006,67.60782985688535,43.46741733955602,1.9362481850710556,13
BUF,2011,69.12534111226122,48.864684294721,1.9160031327698703,8
EC101,2011,54.335726728130176,9.835578026086587,2.0271284374278777,5
EC102,2011,65.5419739367613,31.083947873522582,1.823783849579366,2
EC104,2011,73.30661160370865,52.76326976800679,1.7213246990773756,5
EC105,2011,68.91120205577234,37.82240411154468,1.749699494154536,2
EC106,2011,78.54931154885038,57.09862309770077,1.508266875640079,2
EC108,2011,50.169333177624665,1.8480672661450441,2.060615876473129,5
EC109,2011,57.84097913181298,15.681958263625958,1.951995775213065,2
EC121,2011,70.26456798392498,55.050234427327524,1.8865500960275952,8
EC122,2011,76.44049010825502,65.13672319815375,1.660559173949989,7
EC123,2011,84.6141781681305,69.22835633626099,1.352030534661887,2
EC124,2011,82.37779618889809,74.26953880143606,1.4530223204169501,8
EC126,2011,95.43786051389617,92.19716832721552,1.0964150646979887,3
EC129,2011,82.63070293440343,74.96522948539638,1.4440491844228207,8
EC131,2011,64.66537673571591,31.612793079899838,1.895127142011019,4
EC135,2011,88.35195530726257,83.79422718808193,1.2751536246969,7
EC136,2011,86.71304347826087,82.01159420289855,1.3224030384705459,6
EC137,2011,86.97714072574199,80.33249853466191,1.3126760691255623,9
EC138,2011,82.30517513028724,74.34856381044722,1.456478851233799,7
EC139,2011,80.71518424201516,70.45684656214524,1.5006158853657483,8
EC141,2011,80.06677265500795,72.88394276629572,1.5321761491328474,6
EC142,2011,87.07960717616723,80.70993580951337,1.3071069488985192,5
EC145,2011,69.56664324197705,48.91543687046147,1.877851041048495,5
EC153,2011,89.36083252114314,83.00059735278397,1.2451065238653354,6
EC154,2011,87.8127094036185,83.65814161268707,1.2893940857896817,5
EC155,2011,86.043997965412,79.22018056968464,1.3388466174996954,6
EC156,2011,91.06575507741806,85.35290569072994,1.200089032043854,4
EC157,2011,66.0428099787918,41.05100902988828,1.9969761551764558,10
EC441,2011,74.18474526357122,60.22774123883381,1.740131154137605,5
EC442,2011,83.64810195568785,78.13738025866226,1.4155396532126956,6
EC443,2011,86.03149807122135,82.30783944910256,1.3444651090519748,9
EC444,2011,87.98906652258208,81.53068683850873,1.2830357876785337,6
NMA,2011,52.13219001490927,11.89117058343836,2.2925294829474043,13
BUF,2016,59.864250215127406,36.412728517991674,2.36949859666239,12
EC101,2016,51.0218948561253,4.617750617184022,2.1006010353809366,4
EC102,2016,59.40840398083303,20.816439366015487,1.9909623362149562,3
EC104,2016,62.83285410676334,33.104138017252154,2.0549314283657005,5
EC105,2016,62.331475822397984,31.39043681466834,2.0580808905174037,5
EC106,2016,71.16756095904367,49.392107586769,1.7965544554215833,5
EC108,2016,56.751844046364596,16.159114857744996,2.0531616969420714,7
EC109,2016,51.58957106812447,7.174095878889823,2.1538256918626146,4
EC121,2016,75.72841807739724,60.47298313137084,1.6698776557869979,8
EC122,2016,74.15000555811405,66.625907163615,1.7771182098811282,10
EC123,2016,74.54171159690226,54.680913635918046,1.672961162804812,4
EC124,2016,79.29469020120578,70.35301808672914,1.5523729478708093,9
EC126,2016,88.12540163407694,79.72551179656661,1.2746129427996873,4
EC129,2016,80.84225294743274,70.62071462514993,1.4970589827689087,7
EC131,2016,58.40268146093389,19.521497919556175,2.0283987900672353,3
EC135,2016,81.8241469816273,75.28509367363561,1.4759909462797536,9
EC136,2016,82.1886076302643,70.97206329714493,1.450603032080349,7
EC137,2016,83.28189440908967,77.12561112173272,1.428625527078128,9
EC138,2016,81.83665927568367,74.74131559497414,1.4747727072924697,8
EC139,2016,73.33384262796028,60.02597402597403,1.7781731483388885,9
EC141,2016,84.08902323376007,78.85253674727359,1.4019426624082236,7
EC142,2016,68.33925157060912,45.07238459437312,1.9087479898570616,6
EC145,2016,66.89117162515748,44.45682721193915,1.9861205891559173,4
EC153,2016,83.44040074490046,77.5605953429285,1.4238143194763058,10
EC154,2016,79.66534863535539,73.42559552512296,1.5512475158250896,8
EC155,2016,84.8257252080054,78.96259650700847,1.3765622401784638,6
EC156,2016,79.54866569819507,72.35477900937295,1.552854243726171,6
EC157,2016,63.31317240271905,41.292083712465875,2.1961325725577794,8
EC441,2016,74.43970212689966,66.36426951443828,1.7513787683324331,7
EC442,2016,76.72961751846273,69.23613917771982,1.6583874387305344,5
EC443,2016,80.3170536870231,73.92777456408561,1.5315538063424614,9
EC444,2016,83.87077475321567,78.55219862399042,1.407001900484162,6
NMA,2016,46.663898299293805,5.159413281330082,2.5426224940360016,19
BUF,2021,60.510914487005245,41.0179458020137,2.381045382633146,26
EC101,2021,46.628329626213855,6.862691911246131,2.632657394854922,8
EC102,2021,56.4983888292159,19.441460794844254,2.1722598358200917,4
EC104,2021,51.818333240797294,32.96318916217867,2.945774186909155,9
EC105,2021,52.551891207399656,22.2650443208721,2.5625097333668228,5
EC106,2021,63.8290387828687,42.09832028845308,2.1686290913594988,7
EC108,2021,53.8857210040562,16.324731056375292,2.3081648899938036,10
EC109,2021,48.332683307332296,18.769500780031205,2.972403989876385,8
EC121,2021,71.58867876075352,58.07362840948694,1.866689340291959,13
EC122,2021,70.57863412886402,62.92521746053862,1.9509938888445562,15
EC123,2021,67.35558540870105,48.68244290585926,1.9986702968615988,6
EC124,2021,75.99647266313933,66.01410934744268,1.6845841839262605,12
EC126,2021,81.28733322168257,68.75453581198012,1.4752134308801492,5
EC129,2021,75.44105292635116,67.58330999719966,1.717201806138219,9
EC131,2021,53.635154992652716,14.134770135050026,2.2454907519221137,6
EC135,2021,81.16174951211113,71.83733210882792,1.4932619455080418,7
EC136,2021,81.51878863197828,75.15452791313733,1.4862817593090762,7
EC137,2021,82.07380279941653,76.47496974023153,1.4692860343338567,11
EC138,2021,73.06846399432423,64.28520752039731,1.8178892194083367,7
EC139,2021,63.81185476895898,53.32253731068622,2.306658997197144,13
EC141,2021,80.05528386136508,72.48919129633568,1.5387616243672266,7
EC142,2021,74.22378441710603,62.7819273579379,1.7605093695769065,10
EC145,2021,55.71284125379171,32.861476238624874,2.6050029014466274,5
EC153,2021,75.83534861541605,66.41745291052148,1.702855555459224,12
EC154,2021,78.49817532830772,70.93311312964492,1.5974152085124123,9
EC155,2021,79.63909666541105,72.05869163572441,1.5523064768752812,10
EC156,2021,77.74025847828199,71.06209309105043,1.6244978853824479,8
EC157,2021,63.62888424783242,47.317258401367,2.272612670106043,12
EC441,2021,73.03932218118618,61.28019275966267,1.8118598118990081,15
EC442,2021,76.08881645956407,65.99511102057446,1.6856392886210616,9
EC443,2021,74.42173741621764,67.35773426205809,1.768002951571213,12
EC444,2021,80.93291504262129,69.1764109389359,1.4931435885352247,10
NMA,2021,40.03894314528526,0.43573811683702246,3.0962808441484686,28
