MuniCode,RegisteredVoters,SpoiltVotes,VotingDistricts,ValidVotes,VotesCast,Turnout_%,Year,TopShare_%,Margin_pts,ENP,NumberOfParties,PreviousRegisteredVoters,PreviousTurnout_%,PreviousENP,PreviousMargin_pts,PreviousTopShare_%,TurnoutChange_pts,ENPChange,MarginChange_pts
BUF,341665,4073,216,194108,198181,58.004478070624735,2000,81.26712963916995,68.01522863560493,1.4727333619282574,6,,,,,,,,
BUF,358460,2761,298,184573,187334,52.26078223511689,2006,81.33421464677933,69.40180849853446,1.4770633685670602,9,341665.0,58.004478070624735,1.4727333619282574,68.01522863560493,81.26712963916995,-5.743695835507843,0.004330006638802786,1.386579862929537
BUF,384910,4016,308,212540,216556,56.261463718791404,2011,69.12534111226122,48.864684294721,1.9160031327698703,8,358460.0,52.26078223511689,1.4770633685670602,69.40180849853446,81.33421464677933,4.000681483674512,0.4389397642028101,-20.537124203813462
BUF,419044,5843,339,227772,233615,55.74951556399805,2016,59.864250215127406,36.412728517991674,2.36949859666239,12,384910.0,56.261463718791404,1.9160031327698703,48.864684294721,69.12534111226122,-0.5119481547933518,0.4534954638925195,-12.451955776729328
BUF,406486,3571,351,180265,183836,45.22566582858942,2021,60.510914487005245,41.0179458020137,2.381045382633146,26,419044.0,55.74951556399805,2.36949859666239,36.412728517991674,59.864250215127406,-10.523849735408632,0.01154678597075609,4.605217284022025
EC101,28769,422,28,17328,17750,61.69835586916473,2000,55.459372114496766,22.21260387811634,2.3556190032581275,4,,,,,,,,
EC101,34211,341,33,18020,18361,53.66987226330712,2006,62.28079911209767,33.51831298557158,2.112624668253536,5,28769.0,61.69835586916473,2.3556190032581275,22.21260387811634,55.459372114496766,-8.028483605857609,-0.24299433500459156,11.305709107455243
EC101,38214,291,42,23537,23828,62.35411105877427,2011,54.335726728130176,9.835578026086587,2.0271284374278777,5,34211.0,53.66987226330712,2.112624668253536,33.51831298557158,62.28079911209767,8.684238795467152,-0.08549623082565816,-23.682734959484996
EC101,40887,359,46,24709,25068,61.31044097145792,2016,51.0218948561253,4.617750617184022,2.1006010353809366,4,38214.0,62.35411105877427,2.0271284374278777,9.835578026086587,54.335726728130176,-1.0436700873163502,0.07347259795305883,-5.217827408902565
EC101,39913,272,46,18433,18705,46.86443013554481,2021,46.628329626213855,6.862691911246131,2.632657394854922,8,40887.0,61.31044097145792,2.1006010353809366,4.617750617184022,51.0218948561253,-14.446010835913114,0.5320563594739856,2.2449412940621087
EC102,15808,148,17,8500,8648,54.70647773279352,2000,70.34117647058824,43.62352941176471,1.7635551240466365,3,,,,,,,,
EC102,17453,179,27,9128,9307,53.32607574629004,2006,74.44127957931639,52.410166520595965,1.6573242833607278,4,15808.0,54.70647773279352,1.7635551240466365,43.62352941176471,70.34117647058824,-1.380401986503486,-0.10623084068590871,8.786637108831258
EC102,17451,404,27,9899,10303,59.039596584722936,2011,65.5419739367613,31.083947873522582,1.823783849579366,2,17453.0,53.32607574629004,1.6573242833607278,52.410166520595965,74.44127957931639,5.713520838432899,0.1664595662186381,-21.326218647073382
EC102,18372,140,29,10852,10992,59.83017635532332,2016,59.40840398083303,20.816439366015487,1.9909623362149562,3,17451.0,59.039596584722936,1.823783849579366,31.083947873522582,65.5419739367613,0.790579770600381,0.16717848663559032,-10.267508507507095
EC102,17867,118,29,9310,9428,52.7676722449208,2021,56.4983888292159,19.441460794844254,2.1722598358200917,4,18372.0,59.83017635532332,1.9909623362149562,20.816439366015487,59.40840398083303,-7.062504110402514,0.18129749960513553,-1.3749785711712335
EC104,39034,351,27,22157,22508,57.66255059691551,2000,82.0192264295708,67.77993410660288,1.4415638751544944,4,,,,,,,,
EC104,43059,343,31,22219,22562,52.39787268631413,2006,80.90823169359557,66.94270669247041,1.4822043665586047,7,39034.0,57.66255059691551,1.4415638751544944,67.77993410660288,82.0192264295708,-5.264677910601378,0.0406404914041103,-0.8372274141324709
EC104,44876,341,37,24699,25040,55.79819948301988,2011,73.30661160370865,52.76326976800679,1.7213246990773756,5,43059.0,52.39787268631413,1.4822043665586047,66.94270669247041,80.90823169359557,3.4003267967057482,0.23912033251877096,-14.179436924463616
EC104,46398,402,40,23997,24399,52.58631837579206,2016,62.83285410676334,33.104138017252154,2.0549314283657005,5,44876.0,55.79819948301988,1.7213246990773756,52.76326976800679,73.30661160370865,-3.2118811072278177,0.3336067292883249,-19.65913175075464
EC104,43664,732,39,18011,18743,42.92552216929278,2021,51.818333240797294,32.96318916217867,2.945774186909155,9,46398.0,52.58631837579206,2.0549314283657005,33.104138017252154,62.83285410676334,-9.660796206499278,0.8908427585434544,-0.1409488550734821
EC105,26668,253,20,16617,16870,63.25933703314834,2000,75.56117229343444,54.61876391647109,1.6249009750835035,4,,,,,,,,
EC105,29895,213,28,18549,18762,62.75965880582037,2006,77.58369723435226,57.7497439215052,1.5578060603373105,3,26668.0,63.25933703314834,1.6249009750835035,54.61876391647109,75.56117229343444,-0.4996782273279692,-0.067094914746193,3.130980005034111
EC105,32532,831,28,21014,21845,67.14926841263986,2011,68.91120205577234,37.82240411154468,1.749699494154536,2,29895.0,62.75965880582037,1.5578060603373105,57.7497439215052,77.58369723435226,4.389609606819484,0.19189343381722557,-19.92733980996052
EC105,34455,224,29,22252,22476,65.23291249455812,2016,62.331475822397984,31.39043681466834,2.0580808905174037,5,32532.0,67.14926841263986,1.749699494154536,37.82240411154468,68.91120205577234,-1.9163559180817344,0.30838139636286765,-6.431967296876337
EC105,33201,275,29,18163,18438,55.53447185325743,2021,52.551891207399656,22.2650443208721,2.5625097333668228,5,34455.0,65.23291249455812,2.0580808905174037,31.39043681466834,62.331475822397984,-9.698440641300692,0.504428842849419,-9.125392493796241
EC106,20273,217,24,12014,12231,60.331475361318006,2000,83.81055435325453,67.62110870650906,1.3724373355164101,2,,,,,,,,
EC106,23575,258,30,13900,14158,60.05514316012725,2006,86.99280575539568,77.10791366906474,1.303575337215529,4,20273.0,60.331475361318006,1.3724373355164101,67.62110870650906,83.81055435325453,-0.27633220119075474,-0.06886199830088113,9.48680496255568
EC106,25366,1229,37,15179,16408,64.68501143262635,2011,78.54931154885038,57.09862309770077,1.508266875640079,2,23575.0,60.05514316012725,1.303575337215529,77.10791366906474,86.99280575539568,4.6298682724991025,0.20469153842455,-20.009290571363977
EC106,25839,183,37,14723,14906,57.68799102132436,2016,71.16756095904367,49.392107586769,1.7965544554215833,5,25366.0,64.68501143262635,1.508266875640079,57.09862309770077,78.54931154885038,-6.997020411301996,0.2882875797815043,-7.706515510931766
EC106,25034,239,37,11371,11610,46.37692737876488,2021,63.8290387828687,42.09832028845308,2.1686290913594988,7,25839.0,57.68799102132436,1.7965544554215833,49.392107586769,71.16756095904367,-11.311063642559475,0.37207463593791545,-7.2937872983159195
EC108,31773,426,26,19053,19479,61.30676989897083,2000,49.37805070067706,3.269826274077573,2.1860821832127733,4,,,,,,,,
EC108,39395,473,31,22440,22913,58.16220332529509,2006,52.219251336898395,20.935828877005346,2.6451581832682334,7,31773.0,61.30676989897083,2.1860821832127733,3.269826274077573,49.37805070067706,-3.144566573675739,0.4590760000554601,17.666002602927772
EC108,51435,861,33,34252,35113,68.26674443472344,2011,50.169333177624665,1.8480672661450441,2.060615876473129,5,39395.0,58.16220332529509,2.6451581832682334,20.935828877005346,52.219251336898395,10.104541109428347,-0.5845423067951043,-19.0877616108603
EC108,58145,481,39,37960,38441,66.11230544328834,2016,56.751844046364596,16.159114857744996,2.0531616969420714,7,51435.0,68.26674443472344,2.060615876473129,1.8480672661450441,50.169333177624665,-2.1544389914351,-0.0074541795310576475,14.311047591599952
EC108,60572,513,40,34022,34535,57.01479231328006,2021,53.8857210040562,16.324731056375292,2.3081648899938036,10,58145.0,66.11230544328834,2.0531616969420714,16.159114857744996,56.751844046364596,-9.097513130008274,0.25500319305173225,0.1656161986302962
EC109,12676,168,18,7176,7344,57.93625749447775,2000,64.4927536231884,31.70289855072464,1.907714654211693,3,,,,,,,,
EC109,16334,197,19,8370,8567,52.44887963756582,2006,67.09677419354838,47.323775388291516,1.9911439909782351,4,12676.0,57.93625749447775,1.907714654211693,31.70289855072464,64.4927536231884,-5.487377856911934,0.08342933676654218,15.620876837566875
EC109,18579,107,20,11357,11464,61.704074492706816,2011,57.84097913181298,15.681958263625958,1.951995775213065,2,16334.0,52.44887963756582,1.9911439909782351,47.323775388291516,67.09677419354838,9.255194855141,-0.039148215765170136,-31.641817124665558
EC109,20413,218,21,11890,12108,59.315142311272226,2016,51.58957106812447,7.174095878889823,2.1538256918626146,4,18579.0,61.704074492706816,1.951995775213065,15.681958263625958,57.84097913181298,-2.3889321814345905,0.20182991664954963,-8.507862384736136
EC109,20645,274,25,10256,10530,51.005085977234195,2021,48.332683307332296,18.769500780031205,2.972403989876385,8,20413.0,59.315142311272226,2.1538256918626146,7.174095878889823,51.58957106812447,-8.31005633403803,0.8185782980137706,11.595404901141382
EC121,80639,1690,169,46333,48023,59.553069854536886,2000,59.898992079079704,19.79798415815941,1.9245647269502546,2,,,,,,,,
EC121,100465,1318,259,62688,64006,63.70974966406211,2006,83.53592394078612,69.1854900459418,1.391602672989958,5,80639.0,59.553069854536886,1.9245647269502546,19.79798415815941,59.898992079079704,4.156679809525222,-0.5329620539602966,49.387505887782396
EC121,113875,4704,278,59720,64424,56.57431394072448,2011,70.26456798392498,55.050234427327524,1.8865500960275952,8,100465.0,63.70974966406211,1.391602672989958,69.1854900459418,83.53592394078612,-7.135435723337629,0.49494742303763717,-14.13525561861428
EC121,129921,2716,304,66514,69230,53.28622778457678,2016,75.72841807739724,60.47298313137084,1.6698776557869979,8,113875.0,56.57431394072448,1.8865500960275952,55.050234427327524,70.26456798392498,-3.288086156147699,-0.21667244024059729,5.422748704043315
EC121,122433,1813,312,54517,56330,46.00883748662534,2021,71.58867876075352,58.07362840948694,1.866689340291959,13,129921.0,53.28622778457678,1.6698776557869979,60.47298313137084,75.72841807739724,-7.277390297951442,0.19681168450496123,-2.3993547218838955
EC122,108102,2528,195,56188,58716,54.315368818338236,2000,65.8930732540756,39.732683135189006,1.9768941610018205,4,,,,,,,,
EC122,120953,1700,283,68068,69768,57.68190950203798,2006,79.6747370276782,65.87530116941882,1.5242908265989918,4,108102.0,54.315368818338236,1.9768941610018205,39.732683135189006,65.8930732540756,3.3665406836997462,-0.4526033344028286,26.142618034229812
EC122,123140,1343,287,65863,67206,54.57690433652753,2011,76.44049010825502,65.13672319815375,1.660559173949989,7,120953.0,57.68190950203798,1.5242908265989918,65.87530116941882,79.6747370276782,-3.1050051655104554,0.13626834735099713,-0.7385779712650731
EC122,126195,1626,284,62971,64597,51.188240421569795,2016,74.15000555811405,66.625907163615,1.7771182098811282,10,123140.0,54.57690433652753,1.660559173949989,65.13672319815375,76.44049010825502,-3.388663914957732,0.11655903593113925,1.489183965461251
EC122,121099,988,290,50239,51227,42.301753111090925,2021,70.57863412886402,62.92521746053862,1.9509938888445562,15,126195.0,51.188240421569795,1.7771182098811282,66.625907163615,74.15000555811405,-8.88648731047887,0.17387567896342793,-3.700689703076378
EC123,18173,593,27,11552,12145,66.82991250756616,2000,91.41274238227147,84.93767313019391,1.1900968709913544,3,,,,,,,,
EC123,21025,177,49,13115,13292,63.21997621878716,2006,86.03126191383912,80.60998856271445,1.340240509909564,5,18173.0,66.82991250756616,1.1900968709913544,84.93767313019391,91.41274238227147,-3.6099362887790036,0.1501436389182096,-4.327684567479466
EC123,21302,240,49,12752,12992,60.98957844333865,2011,84.6141781681305,69.22835633626099,1.352030534661887,2,21025.0,63.21997621878716,1.340240509909564,80.60998856271445,86.03126191383912,-2.230397775448509,0.011790024752323047,-11.381632226453462
EC123,17685,286,43,10201,10487,59.298840825558386,2016,74.54171159690226,54.680913635918046,1.672961162804812,4,21302.0,60.98957844333865,1.352030534661887,69.22835633626099,84.6141781681305,-1.6907376177802647,0.32093062814292495,-14.547442700342941
EC123,17935,168,44,9677,9845,54.892667967661,2021,67.35558540870105,48.68244290585926,1.9986702968615988,6,17685.0,59.298840825558386,1.672961162804812,54.680913635918046,74.54171159690226,-4.406172857897388,0.3257091340567868,-5.998470730058784
EC124,61657,1261,75,35980,37241,60.4002789626482,2000,88.9077265147304,82.06503613118399,1.2547893423497516,3,,,,,,,,
EC124,66240,741,111,38315,39056,58.96135265700483,2006,90.13963199791205,85.78102570794728,1.2258066539781864,5,61657.0,60.4002789626482,1.2547893423497516,82.06503613118399,88.9077265147304,-1.4389263056433705,-0.028982688371565146,3.715989576763292
EC124,63773,709,118,36210,36919,57.891270600410834,2011,82.37779618889809,74.26953880143606,1.4530223204169501,8,66240.0,58.96135265700483,1.2258066539781864,85.78102570794728,90.13963199791205,-1.0700820565939964,0.22721566643876367,-11.511486906511223
EC124,52945,957,94,27534,28491,53.81244687883653,2016,79.29469020120578,70.35301808672914,1.5523729478708093,9,63773.0,57.891270600410834,1.4530223204169501,74.26953880143606,82.37779618889809,-4.078823721574302,0.09935062745385914,-3.9165207147069196
EC124,49510,691,98,22680,23371,47.20460513027671,2021,75.99647266313933,66.01410934744268,1.6845841839262605,12,52945.0,53.81244687883653,1.5523729478708093,70.35301808672914,79.29469020120578,-6.607841748559821,0.13221123605545126,-4.3389087392864525
EC126,41820,561,53,22765,23326,55.77714012434242,2000,95.87524708983088,91.75049417966176,1.0858852026117127,2,,,,,,,,
EC126,43660,1164,85,24240,25404,58.18598259276225,2006,96.50577557755776,93.01155115511551,1.0723200150916001,2,41820.0,55.77714012434242,1.0858852026117127,91.75049417966176,95.87524708983088,2.4088424684198344,-0.013565187520112598,1.261056975453755
EC126,42100,582,90,19070,19652,46.679334916864605,2011,95.43786051389617,92.19716832721552,1.0964150646979887,3,43660.0,58.18598259276225,1.0723200150916001,93.01155115511551,96.50577557755776,-11.506647675897646,0.02409504960638853,-0.8143828278999905
EC126,38945,495,89,21786,22281,57.211452047759664,2016,88.12540163407694,79.72551179656661,1.2746129427996873,4,42100.0,46.679334916864605,1.0964150646979887,92.19716832721552,95.43786051389617,10.53211713089506,0.17819787810169863,-12.471656530648914
EC126,35846,889,90,17913,18802,52.45215644702338,2021,81.28733322168257,68.75453581198012,1.4752134308801492,5,38945.0,57.211452047759664,1.2746129427996873,79.72551179656661,88.12540163407694,-4.759295600736287,0.20060048808046194,-10.970975984586488
EC129,78387,1122,86,46282,47404,60.47431334277368,2000,91.65982455382222,85.07411088544143,1.1837158766671612,3,,,,,,,,
EC129,81990,3568,132,43633,47201,57.56921575801927,2006,85.88453693305526,80.98457589439187,1.3462565659053845,6,78387.0,60.47431334277368,1.1837158766671612,85.07411088544143,91.65982455382222,-2.905097584754408,0.1625406892382233,-4.089534991049561
EC129,80463,1940,139,43859,45799,56.91932938120627,2011,82.63070293440343,74.96522948539638,1.4440491844228207,8,81990.0,57.56921575801927,1.3462565659053845,80.98457589439187,85.88453693305526,-0.6498863768130008,0.09779261851743626,-6.019346408995489
EC129,82963,1314,145,44191,45505,54.84975229921773,2016,80.84225294743274,70.62071462514993,1.4970589827689087,7,80463.0,56.91932938120627,1.4440491844228207,74.96522948539638,82.63070293440343,-2.069577081988541,0.05300979834608799,-4.3445148602464485
EC129,78861,2167,149,35710,37877,48.03007823892672,2021,75.44105292635116,67.58330999719966,1.717201806138219,9,82963.0,54.84975229921773,1.4970589827689087,70.62071462514993,80.84225294743274,-6.819674060291007,0.22014282336931035,-3.0374046279502664
EC131,25916,327,22,15373,15700,60.580336471677725,2000,67.73564040850843,37.312170688870104,1.8125486257094918,3,,,,,,,,
EC131,29318,374,33,15501,15875,54.14762262091548,2006,69.93097219534224,42.8423972646926,1.7765513937696678,4,25916.0,60.580336471677725,1.8125486257094918,37.312170688870104,67.73564040850843,-6.432713850762248,-0.03599723193982407,5.530226575822496
EC131,30238,434,34,17572,18006,59.54758912626497,2011,64.66537673571591,31.612793079899838,1.895127142011019,4,29318.0,54.14762262091548,1.7765513937696678,42.8423972646926,69.93097219534224,5.399966505349489,0.1185757482413512,-11.229604184792763
EC131,30907,303,35,17304,17607,56.96767722522406,2016,58.40268146093389,19.521497919556175,2.0283987900672353,3,30238.0,59.54758912626497,1.895127142011019,31.612793079899838,64.66537673571591,-2.5799119010409086,0.13327164805621639,-12.091295160343662
EC131,29691,303,34,14291,14594,49.15294196894682,2021,53.635154992652716,14.134770135050026,2.2454907519221137,6,30907.0,56.96767722522406,2.0283987900672353,19.521497919556175,58.40268146093389,-7.814735256277238,0.21709196185487833,-5.386727784506149
EC135,71334,1303,138,40146,41449,58.10553172400258,2000,79.13864394958402,63.966522193991935,1.5355829337214726,4,,,,,,,,
EC135,78899,1226,176,46962,48188,61.07555228836868,2006,89.33818832247348,82.3389123120821,1.2432065096945808,3,71334.0,58.10553172400258,1.5355829337214726,63.966522193991935,79.13864394958402,2.970020564366095,-0.2923764240268918,18.372390118090166
EC135,72149,645,166,42960,43605,60.43742810018157,2011,88.35195530726257,83.79422718808193,1.2751536246969,7,78899.0,61.07555228836868,1.2432065096945808,82.3389123120821,89.33818832247348,-0.6381241881871063,0.03194711500231917,1.4553148759998322
EC135,77938,914,178,44196,45110,57.879339988195746,2016,81.8241469816273,75.28509367363561,1.4759909462797536,9,72149.0,60.43742810018157,1.2751536246969,83.79422718808193,88.35195530726257,-2.5580881119858248,0.2008373215828536,-8.509133514446319
EC135,75098,1256,177,34844,36100,48.07052118565075,2021,81.16174951211113,71.83733210882792,1.4932619455080418,7,77938.0,57.879339988195746,1.4759909462797536,75.28509367363561,81.8241469816273,-9.808818802544998,0.01727099922828823,-3.447761564807692
EC136,48487,516,85,26440,26956,55.594283003691714,2000,86.00605143721634,79.68986384266263,1.3383436050888242,4,,,,,,,,
EC136,57910,1101,159,32599,33700,58.193748920739075,2006,91.3801036841621,86.64069449983128,1.1931423699571664,4,48487.0,55.594283003691714,1.3383436050888242,79.68986384266263,86.00605143721634,2.599465917047361,-0.14520123513165784,6.950830657168652
EC136,58105,1581,157,34500,36081,62.096205145856636,2011,86.71304347826087,82.01159420289855,1.3224030384705459,6,57910.0,58.193748920739075,1.1931423699571664,86.64069449983128,91.3801036841621,3.902456225117561,0.12926066851337947,-4.629100296932734
EC136,61471,830,160,35831,36661,59.63950480714483,2016,82.1886076302643,70.97206329714493,1.450603032080349,7,58105.0,62.096205145856636,1.3224030384705459,82.01159420289855,86.71304347826087,-2.456700338711805,0.12819999360980305,-11.039530905753622
EC136,59230,660,160,30577,31237,52.73847712307952,2021,81.51878863197828,75.15452791313733,1.4862817593090762,7,61471.0,59.63950480714483,1.450603032080349,70.97206329714493,82.1886076302643,-6.901027684065312,0.035678727228727336,4.1824646159924015
EC137,47665,743,71,23177,23920,50.18357285219763,2000,64.99115502437762,38.296587133796436,1.997771529923467,3,,,,,,,,
EC137,59915,1067,122,33522,34589,57.73011766669448,2006,83.7688682059543,74.12147246584334,1.4006900309138028,4,47665.0,50.18357285219763,1.997771529923467,38.296587133796436,64.99115502437762,7.546544814496855,-0.5970814990096642,35.824885332046904
EC137,69485,610,140,37534,38144,54.89530114413183,2011,86.97714072574199,80.33249853466191,1.3126760691255623,9,59915.0,57.73011766669448,1.4006900309138028,74.12147246584334,83.7688682059543,-2.8348165225626545,-0.0880139617882405,6.211026068818569
EC137,73494,888,140,36613,37501,51.02593408985768,2016,83.28189440908967,77.12561112173272,1.428625527078128,9,69485.0,54.89530114413183,1.3126760691255623,80.33249853466191,86.97714072574199,-3.86936705427415,0.11594945795256573,-3.2068874129291913
EC137,70369,647,142,32221,32868,46.70806747289289,2021,82.07380279941653,76.47496974023153,1.4692860343338567,11,73494.0,51.02593408985768,1.428625527078128,77.12561112173272,83.28189440908967,-4.3178666169647855,0.04066050725572867,-0.6506413815011882
EC138,19187,274,30,10972,11246,58.61260228279564,2000,75.06379876048122,62.094422165512206,1.698765645612396,4,,,,,,,,
EC138,26015,343,55,14191,14534,55.86776859504132,2006,83.4190684236488,74.49792121767318,1.412660305721424,4,19187.0,58.61260228279564,1.698765645612396,62.094422165512206,75.06379876048122,-2.7448336877543227,-0.2861053398909721,12.403499052160974
EC138,29165,287,64,16502,16789,57.56557517572433,2011,82.30517513028724,74.34856381044722,1.456478851233799,7,26015.0,55.86776859504132,1.412660305721424,74.49792121767318,83.4190684236488,1.6978065806830074,0.04381854551237496,-0.14935740722596336
EC138,30632,647,61,16236,16883,55.11556542178114,2016,81.83665927568367,74.74131559497414,1.4747727072924697,8,29165.0,57.56557517572433,1.456478851233799,74.34856381044722,82.30517513028724,-2.450009753943185,0.018293856058670732,0.39275178452692217
EC138,30028,391,61,14095,14486,48.24164113494072,2021,73.06846399432423,64.28520752039731,1.8178892194083367,7,30632.0,55.11556542178114,1.4747727072924697,74.74131559497414,81.83665927568367,-6.8739242868404205,0.343116512115867,-10.456108074576832
EC139,104808,1687,101,55071,56758,54.15426303335623,2000,85.26084509088268,77.79048864193496,1.3601542093467927,4,,,,,,,,
EC139,113322,1093,162,57530,58623,51.73134960554879,2006,89.12393533808448,83.88319137841127,1.2523909471296348,5,104808.0,54.15426303335623,1.3601542093467927,77.79048864193496,85.26084509088268,-2.422913427807437,-0.10776326221715782,6.092702736476312
EC139,116515,1061,164,65186,66247,56.857057031283524,2011,80.71518424201516,70.45684656214524,1.5006158853657483,8,113322.0,51.73134960554879,1.2523909471296348,83.88319137841127,89.12393533808448,5.125707425734731,0.24822493823611347,-13.426344816266024
EC139,123599,1003,174,65450,66453,53.76499809869012,2016,73.33384262796028,60.02597402597403,1.7781731483388885,9,116515.0,56.857057031283524,1.5006158853657483,70.45684656214524,80.71518424201516,-3.092058932593403,0.2775572629731402,-10.430872536171215
EC139,118637,1463,170,54341,55804,47.0376020971535,2021,63.81185476895898,53.32253731068622,2.306658997197144,13,123599.0,53.76499809869012,1.7781731483388885,60.02597402597403,73.33384262796028,-6.7273960015366185,0.5284858488582556,-6.703436715287808
EC141,48928,1416,98,24898,26314,53.78106605624591,2000,85.07912282111013,70.15824564222027,1.340286791998682,2,,,,,,,,
EC141,55908,1111,150,30757,31868,57.00078700722616,2006,88.16204441265403,79.91676691484865,1.2743737390789158,4,48928.0,53.78106605624591,1.340286791998682,70.15824564222027,85.07912282111013,3.2197209509802462,-0.06591305291976624,9.758521272628386
EC141,58401,1201,160,31450,32651,55.908289241622576,2011,80.06677265500795,72.88394276629572,1.5321761491328474,6,55908.0,57.00078700722616,1.2743737390789158,79.91676691484865,88.16204441265403,-1.0924977656035821,0.25780241005393156,-7.032824148552933
EC141,63893,1072,158,33744,34816,54.49110231167734,2016,84.08902323376007,78.85253674727359,1.4019426624082236,7,58401.0,55.908289241622576,1.5321761491328474,72.88394276629572,80.06677265500795,-1.4171869299452382,-0.13023348672462376,5.968593980977872
EC141,61114,972,164,28218,29190,47.76319664888569,2021,80.05528386136508,72.48919129633568,1.5387616243672266,7,63893.0,54.49110231167734,1.4019426624082236,78.85253674727359,84.08902323376007,-6.727905662791649,0.136818961959003,-6.3633454509379135
EC142,53501,1012,80,26860,27872,52.09622250051401,2000,87.67684288905436,80.05584512285927,1.2874289903894032,3,,,,,,,,
EC142,61368,735,94,37037,37772,61.54999348194499,2006,92.65059265059266,89.92088992088992,1.1624563938083947,4,53501.0,52.09622250051401,1.2874289903894032,80.05584512285927,87.67684288905436,9.453770981430978,-0.12497259658100845,9.865044798030652
EC142,62646,718,94,36454,37172,59.33658972639913,2011,87.07960717616723,80.70993580951337,1.3071069488985192,5,61368.0,61.54999348194499,1.1624563938083947,89.92088992088992,92.65059265059266,-2.213403755545855,0.14465055509012448,-9.210954111376552
EC142,64675,751,95,36610,37361,57.767298028604564,2016,68.33925157060912,45.07238459437312,1.9087479898570616,6,62646.0,59.33658972639913,1.3071069488985192,80.70993580951337,87.07960717616723,-1.5692916977945686,0.6016410409585424,-35.63755121514025
EC142,60187,620,97,27312,27932,46.408692907106186,2021,74.22378441710603,62.7819273579379,1.7605093695769065,10,64675.0,57.767298028604564,1.9087479898570616,45.07238459437312,68.33925157060912,-11.358605121498378,-0.1482386202801551,17.709542763564784
EC145,29903,361,23,16854,17215,57.56947463465204,2000,76.29049483802065,56.4495075353032,1.6071304399582367,4,,,,,,,,
EC145,33743,743,38,18217,18960,56.18943188216815,2006,78.68474501838942,60.11417906351211,1.5290675380425014,4,29903.0,57.56947463465204,1.6071304399582367,56.4495075353032,76.29049483802065,-1.380042752483888,-0.07806290191573528,3.6646715282089133
EC145,35250,481,41,21345,21826,61.9177304964539,2011,69.56664324197705,48.91543687046147,1.877851041048495,5,33743.0,56.18943188216815,1.5290675380425014,60.11417906351211,78.68474501838942,5.728298614285748,0.3487835030059936,-11.198742193050641
EC145,36607,359,44,20638,20997,57.35788237222389,2016,66.89117162515748,44.45682721193915,1.9861205891559173,4,35250.0,61.9177304964539,1.877851041048495,48.91543687046147,69.56664324197705,-4.559848124230008,0.10826954810742229,-4.45860965852232
EC145,36110,248,43,16813,17061,47.24729991692052,2021,55.71284125379171,32.861476238624874,2.6050029014466274,5,36607.0,57.35788237222389,1.9861205891559173,44.45682721193915,66.89117162515748,-10.110582455303373,0.6188823122907101,-11.595350973314275
EC153,87881,1225,141,42338,43563,49.57044184749832,2000,80.44310076054609,62.73324200481837,1.4731569192934357,3,,,,,,,,
EC153,110610,2948,198,58704,61652,55.7381791881385,2006,92.79776505859907,89.38062142273098,1.1590045601266448,5,87881.0,49.57044184749832,1.4731569192934357,62.73324200481837,80.44310076054609,6.16773734064018,-0.31415235916679096,26.64737941791261
EC153,121851,1210,213,63614,64824,53.19939926631706,2011,89.36083252114314,83.00059735278397,1.2451065238653354,6,110610.0,55.7381791881385,1.1590045601266448,89.38062142273098,92.79776505859907,-2.538779921821444,0.08610196373869061,-6.380024069947012
EC153,136794,2058,216,69271,71329,52.143368861207364,2016,83.44040074490046,77.5605953429285,1.4238143194763058,10,121851.0,53.19939926631706,1.2451065238653354,83.00059735278397,89.36083252114314,-1.056030405109695,0.1787077956109704,-5.440002009855476
EC153,139517,3383,225,58718,62101,44.51142154719496,2021,75.83534861541605,66.41745291052148,1.702855555459224,12,136794.0,52.143368861207364,1.4238143194763058,77.5605953429285,83.44040074490046,-7.6319473140124,0.2790412359829182,-11.143142432407018
EC154,45316,658,93,25437,26095,57.584517609674286,2000,74.27369579746039,48.54739159492078,1.618535568950584,2,,,,,,,,
EC154,62420,2484,108,35505,37989,60.860301185517464,2006,90.3534713420645,82.77707365159836,1.216049350138091,4,45316.0,57.584517609674286,1.618535568950584,48.54739159492078,74.27369579746039,3.275783575843178,-0.40248621881249314,34.229682056677575
EC154,68019,2662,111,35816,38478,56.56948793719402,2011,87.8127094036185,83.65814161268707,1.2893940857896817,5,62420.0,60.860301185517464,1.216049350138091,82.77707365159836,90.3534713420645,-4.290813248323445,0.07334473565159083,0.8810679610887178
EC154,75867,982,113,41476,42458,55.96372599417401,2016,79.66534863535539,73.42559552512296,1.5512475158250896,8,68019.0,56.56948793719402,1.2893940857896817,83.65814161268707,87.8127094036185,-0.6057619430200063,0.26185343003540784,-10.232546087564117
EC154,76248,1341,119,37541,38882,50.99412443605078,2021,78.49817532830772,70.93311312964492,1.5974152085124123,9,75867.0,55.96372599417401,1.5512475158250896,73.42559552512296,79.66534863535539,-4.96960155812323,0.04616769268732268,-2.492482395478035
EC155,80681,1217,165,44461,45678,56.61556004511595,2000,69.4091450934527,40.93925012932683,1.7753592451885558,3,,,,,,,,
EC155,108512,982,203,63630,64612,59.543644942494836,2006,90.05814867201006,81.5983026874116,1.2220284363522655,5,80681.0,56.61556004511595,1.7753592451885558,40.93925012932683,69.4091450934527,2.9280848973788878,-0.5533308088362903,40.659052558084774
EC155,118639,1046,208,62912,63958,53.90975985974258,2011,86.043997965412,79.22018056968464,1.3388466174996954,6,108512.0,59.543644942494836,1.2220284363522655,81.5983026874116,90.05814867201006,-5.633885082752258,0.11681818114742981,-2.37812211772696
EC155,134892,1644,212,66705,68349,50.66942442843163,2016,84.8257252080054,78.96259650700847,1.3765622401784638,6,118639.0,53.90975985974258,1.3388466174996954,79.22018056968464,86.043997965412,-3.240335431310946,0.03771562267876849,-0.2575840626761732
EC155,134601,1195,215,55749,56944,42.30577781740106,2021,79.63909666541105,72.05869163572441,1.5523064768752812,10,134892.0,50.66942442843163,1.3765622401784638,78.96259650700847,84.8257252080054,-8.363646611030575,0.17574423669681738,-6.903904871284055
EC156,66112,853,139,33792,34645,52.403497095837366,2000,64.19862689393939,28.397253787878782,1.8507544191389167,2,,,,,,,,
EC156,84347,991,182,48498,49489,58.67310040665347,2006,86.86956163140748,76.92275970143098,1.3069626998870865,4,66112.0,52.403497095837366,1.8507544191389167,28.397253787878782,64.19862689393939,6.269603310816102,-0.5437917192518302,48.525505913552195
EC156,90368,1158,185,49730,50888,56.311968838526916,2011,91.06575507741806,85.35290569072994,1.200089032043854,4,84347.0,58.67310040665347,1.3069626998870865,76.92275970143098,86.86956163140748,-2.3611315681265523,-0.10687366784323249,8.430145989298964
EC156,96967,1245,195,50251,51496,53.10672703084555,2016,79.54866569819507,72.35477900937295,1.552854243726171,6,90368.0,56.311968838526916,1.200089032043854,85.35290569072994,91.06575507741806,-3.205241807681368,0.352765211682317,-12.998126681356993
EC156,93164,1246,199,41164,42410,45.521875402515995,2021,77.74025847828199,71.06209309105043,1.6244978853824479,8,96967.0,53.10672703084555,1.552854243726171,72.35477900937295,79.54866569819507,-7.584851628329552,0.0716436416562769,-1.292685918322519
EC157,147728,2381,216,64970,67351,45.59122170475469,2000,50.409419732184084,6.584577497306448,2.235526414059527,5,,,,,,,,
EC157,178964,1801,334,87080,88881,49.664178270490154,2006,72.49885163068443,48.3004134129536,1.7107028813184233,6,147728.0,45.59122170475469,2.235526414059527,6.584577497306448,50.409419732184084,4.072956565735467,-0.5248235327411035,41.715835915647155
EC157,194640,1560,341,91474,93034,47.79798602548294,2011,66.0428099787918,41.05100902988828,1.9969761551764558,10,178964.0,49.664178270490154,1.7107028813184233,48.3004134129536,72.49885163068443,-1.8661922450072126,0.2862732738580325,-7.249404383065325
EC157,211426,1965,351,93415,95380,45.112710830266856,2016,63.31317240271905,41.292083712465875,2.1961325725577794,8,194640.0,47.79798602548294,1.9969761551764558,41.05100902988828,66.0428099787918,-2.685275195216086,0.1991564173813236,0.24107468257759734
EC157,206563,2415,353,79005,81420,39.41654604164347,2021,63.62888424783242,47.317258401367,2.272612670106043,12,211426.0,45.112710830266856,2.1961325725577794,41.292083712465875,63.31317240271905,-5.696164788623385,0.07648009754826379,6.025174688901124
EC441,85325,1587,161,47918,49505,58.01933782595957,2006,72.83692975499812,51.24796527400977,1.7285438262538857,5,,,,,,,,
EC441,89856,2918,167,50935,53853,59.93255876068376,2011,74.18474526357122,60.22774123883381,1.740131154137605,5,85325.0,58.01933782595957,1.7285438262538857,51.24796527400977,72.83692975499812,1.913220934724194,0.0115873278837193,8.979775964824036
EC441,97535,1837,172,55997,57834,59.29563746347465,2016,74.43970212689966,66.36426951443828,1.7513787683324331,7,89856.0,59.93255876068376,1.740131154137605,60.22774123883381,74.18474526357122,-0.6369212972091134,0.011247614194828115,6.136528275604469
EC441,99232,1328,182,50633,51961,52.363148984198645,2021,73.03932218118618,61.28019275966267,1.8118598118990081,15,97535.0,59.29563746347465,1.7513787683324331,66.36426951443828,74.43970212689966,-6.932488479276003,0.06048104356657502,-5.084076754775609
EC442,128196,2013,181,61690,63703,49.69187806171799,2000,83.62619549359702,72.09434268114768,1.398646644677969,3,,,,,,,,
EC442,83703,1006,164,45693,46699,55.79130974994923,2006,91.94406145361434,86.00223228940976,1.1776791076132762,4,128196.0,49.69187806171799,1.398646644677969,72.09434268114768,83.62619549359702,6.099431688231235,-0.22096753706469285,13.907889608262082
EC442,92039,2750,186,47707,50457,54.82132574234835,2011,83.64810195568785,78.13738025866226,1.4155396532126956,6,83703.0,55.79130974994923,1.1776791076132762,86.00223228940976,91.94406145361434,-0.9699840076008783,0.23786054559941938,-7.8648520307475
EC442,103439,1692,206,54434,56126,54.259998646545306,2016,76.72961751846273,69.23613917771982,1.6583874387305344,5,92039.0,54.82132574234835,1.4155396532126956,78.13738025866226,83.64810195568785,-0.5613270958030441,0.2428477855178388,-8.901241080942441
EC442,106760,1111,225,49090,50201,47.02229299363057,2021,76.08881645956407,65.99511102057446,1.6856392886210616,9,103439.0,54.259998646545306,1.6583874387305344,69.23613917771982,76.72961751846273,-7.237705652914734,0.027251849890527202,-3.241028157145365
EC443,74410,890,137,31145,32035,43.05200913855665,2000,85.84363461229732,71.68726922459464,1.321085586827658,2,,,,,,,,
EC443,104718,1210,228,58886,60096,57.388414599209305,2006,94.8120096457562,92.17131406446354,1.111358665224384,6,74410.0,43.05200913855665,1.321085586827658,71.68726922459464,85.84363461229732,14.336405460652657,-0.209726921603274,20.4840448398689
EC443,116717,3228,255,62734,65962,56.51447518356366,2011,86.03149807122135,82.30783944910256,1.3444651090519748,9,104718.0,57.388414599209305,1.111358665224384,92.17131406446354,94.8120096457562,-0.8739394156456441,0.23310644382759071,-9.863474615360985
EC443,131835,1907,260,72606,74513,56.51989228960443,2016,80.3170536870231,73.92777456408561,1.5315538063424614,9,116717.0,56.51447518356366,1.3444651090519748,82.30783944910256,86.03149807122135,0.005417106040766839,0.1870886972904866,-8.38006488501695
EC443,133323,1280,265,60872,62152,46.617612864997035,2021,74.42173741621764,67.35773426205809,1.768002951571213,12,131835.0,56.51989228960443,1.5315538063424614,73.92777456408561,80.3170536870231,-9.902279424607393,0.2364491452287516,-6.570040302027522
EC444,39477,439,70,20329,20768,52.60784760746764,2000,82.08470657681146,64.16941315362291,1.4166599910332547,2,,,,,,,,
EC444,60433,717,131,33986,34703,57.4239240150249,2006,91.1463543812158,85.85594068145707,1.1978424917450887,3,39477.0,52.60784760746764,1.4166599910332547,64.16941315362291,82.08470657681146,4.8160764075572615,-0.21881749928816596,21.68652752783416
EC444,59966,896,135,31463,32359,53.962245272320985,2011,87.98906652258208,81.53068683850873,1.2830357876785337,6,60433.0,57.4239240150249,1.1978424917450887,85.85594068145707,91.1463543812158,-3.461678742703917,0.08519329593344493,-4.325253842948342
EC444,64137,880,136,33430,34310,53.49486255983286,2016,83.87077475321567,78.55219862399042,1.407001900484162,6,59966.0,53.962245272320985,1.2830357876785337,81.53068683850873,87.98906652258208,-0.46738271248812424,0.12396611280562841,-2.9784882145183076
EC444,67099,881,142,31557,32438,48.343492451452335,2021,80.93291504262129,69.1764109389359,1.4931435885352247,10,64137.0,53.49486255983286,1.407001900484162,78.55219862399042,83.87077475321567,-5.151370108380526,0.08614168805106259,-9.375787685054519
NMA,469424,3337,221,286259,289596,61.69177545246941,2000,65.93225016506031,37.29384927635463,1.931989470969546,7,,,,,,,,
NMA,513491,4955,243,283479,288434,56.17118897896945,2006,67.60782985688535,43.46741733955602,1.9362481850710556,13,469424.0,61.69177545246941,1.931989470969546,37.29384927635463,65.93225016506031,-5.520586473499961,0.004258714101509575,6.173568063201394
NMA,569470,4143,246,364203,368346,64.68224840641298,2011,52.13219001490927,11.89117058343836,2.2925294829474043,13,513491.0,56.17118897896945,1.9362481850710556,43.46741733955602,67.60782985688535,8.511059427443534,0.35628129787634877,-31.576246756117662
NMA,609217,6569,254,380489,387058,63.53368340016775,2016,46.663898299293805,5.159413281330082,2.5426224940360016,19,569470.0,64.68224840641298,2.2925294829474043,11.89117058343836,52.13219001490927,-1.148565006245228,0.2500930110885973,-6.731757302108278
NMA,583270,3584,257,263461,267045,45.78411370377355,2021,40.03894314528526,0.43573811683702246,3.0962808441484686,28,609217.0,63.53368340016775,2.5426224940360016,5.159413281330082,46.663898299293805,-17.749569696394204,0.553658350112467,-4.723675164493059
