Year,MuniCode,ANC,DA,EFF,UDM,ATM
2000,BUF,81.26712963916995,13.251901003565026,0.0,1.509984132544769,0.0
2006,BUF,81.33421464677933,11.932406148244867,0.0,1.383192557958098,0.0
2011,BUF,69.12534111226122,20.260656817540227,0.0,0.7353909852263103,0.0
2016,BUF,59.864250215127406,23.451521697135732,8.206891101627944,1.2925205907662047,0.0
2021,BUF,60.510914487005245,19.492968684991542,12.371231242892408,1.1039303247996006,0.8892463872631958
2000,EC101,55.459372114496766,33.246768236380426,0.0,5.257386888273315,0.0
2006,EC101,62.28079911209767,28.76248612652608,0.0,0.0,0.0
2011,EC101,54.335726728130176,44.50014870204359,0.0,0.0,0.0
2016,EC101,51.0218948561253,46.40414423894128,1.8576227285604436,0.0,0.0
2021,EC101,46.628329626213855,39.765637714967724,4.123040199641946,0.0,0.14647642814517442
2000,EC102,70.34117647058824,26.71764705882353,0.0,2.9411764705882355,0.0
2006,EC102,74.44127957931639,22.031113058720422,0.0,1.161262050832603,0.0
2011,EC102,65.5419739367613,34.45802606323871,0.0,0.0,0.0
2016,EC102,59.40840398083303,38.59196461481754,1.9996314043494288,0.0,0.0
2021,EC102,56.4983888292159,37.056928034371644,6.176154672395274,0.0,0.26852846401718583
2000,EC104,82.0192264295708,14.239292322967911,0.0,1.8865369860540686,0.0
2006,EC104,80.90823169359557,13.965525001125163,0.0,1.1071605382780503,0.0
2011,EC104,73.30661160370865,20.54334183570185,0.0,0.0,0.0
2016,EC104,62.83285410676334,29.728716089511188,5.759053214985206,0.8126015751968996,0.0
2021,EC104,51.818333240797294,17.66698128921215,5.82977069568597,0.0,0.8272722225306757
2000,EC105,75.56117229343444,20.94240837696335,0.0,1.6188240958055005,0.0
2006,EC105,77.58369723435226,19.833953312847054,0.0,0.0,0.0
2011,EC105,68.91120205577234,31.088797944227657,0.0,0.0,0.0
2016,EC105,62.331475822397984,30.941039007729643,2.7008808197015997,2.6963868416322128,0.0
2021,EC105,52.551891207399656,30.286846886527556,14.799317293398667,0.0,0.28079061828993007
2000,EC106,83.81055435325453,16.189445646745465,0.0,0.0,0.0
2006,EC106,86.99280575539568,9.884892086330936,0.0,0.8992805755395683,0.0
2011,EC106,78.54931154885038,21.450688451149613,0.0,0.0,0.0
2016,EC106,71.16756095904367,21.775453372274672,4.937852339876384,0.5161991441961556,0.0
2021,EC106,63.8290387828687,21.73071849441562,5.689912936417202,0.0,0.7475156098847947
2000,EC108,49.37805070067706,46.108224426599485,0.0,0.0,0.0
2006,EC108,52.219251336898395,31.28342245989305,0.0,0.0,0.0
2011,EC108,50.169333177624665,48.32126591147962,0.0,0.0,0.0
2016,EC108,40.5927291886196,56.751844046364596,1.1354056902002108,0.18967334035827185,0.0
2021,EC108,37.56098994768091,53.8857210040562,1.884075010287461,0.814179060607842,0.10581388513314914
2000,EC109,64.4927536231884,32.789855072463766,0.0,0.0,0.0
2006,EC109,67.09677419354838,19.77299880525687,0.0,0.0,0.0
2011,EC109,57.84097913181298,42.15902086818702,0.0,0.0,0.0
2016,EC109,51.58957106812447,44.41547518923465,2.590412111017662,0.0,0.0
2021,EC109,48.332683307332296,29.56318252730109,2.8568642745709827,0.0,0.8677847113884556
2000,EC121,59.898992079079704,0.0,0.0,40.101007920920296,0.0
2006,EC121,83.53592394078612,0.5136549259826442,0.0,14.350433894844308,0.0
2011,EC121,70.26456798392498,1.1352980576021434,0.0,11.38312123241795,0.0
2016,EC121,75.72841807739724,2.304777941486003,3.6097663649757945,15.2554349460264,0.0
2021,EC121,71.58867876075352,1.4142377606984977,6.210906689656437,13.515050351266577,2.175468202579012
2000,EC122,65.8930732540756,3.4242186943831423,0.0,26.160390118886596,0.0
2006,EC122,79.6747370276782,3.831462654992067,0.0,13.799435858259388,0.0
2011,EC122,76.44049010825502,3.3827794057361493,0.0,6.024626877002262,0.0
2016,EC122,74.15000555811405,4.654523510822442,5.054707722602468,7.524098394499055,0.0
2021,EC122,70.57863412886402,1.9466947988614423,7.653416668325405,7.593702103943151,2.2950297577579173
2000,EC123,91.41274238227147,6.475069252077562,0.0,0.0,0.0
2006,EC123,86.03126191383912,5.4212733511246665,0.0,3.072817384674037,0.0
2011,EC123,84.6141781681305,15.38582183186951,0.0,0.0,0.0
2016,EC123,74.54171159690226,19.86079796098422,5.126948338398196,0.0,0.0
2021,EC123,67.35558540870105,18.673142502841788,10.654128345561642,0.9403740828769247,0.6200268678309393
2000,EC124,88.9077265147304,6.842690383546414,0.0,4.2495831017231795,0.0
2006,EC124,90.13963199791205,4.358606289964766,0.0,3.2937491843925355,0.0
2011,EC124,82.37779618889809,4.976525821596244,0.0,1.168185584092792,0.0
2016,EC124,79.29469020120578,8.941672114476647,8.44773734292148,0.6755284375680977,0.0
2021,EC124,75.99647266313933,9.982363315696649,7.319223985890653,0.0,1.0405643738977073
2000,EC126,95.87524708983088,0.0,0.0,4.12475291016912,0.0
2006,EC126,96.50577557755776,3.4942244224422443,0.0,0.0,0.0
2011,EC126,95.43786051389617,3.24069218668065,0.0,0.0,0.0
2016,EC126,88.12540163407694,2.9284861837877534,8.399889837510328,0.0,0.0
2021,EC126,81.28733322168257,2.8861720538156646,12.53279740970245,0.0,1.9818009267012784
2000,EC129,91.65982455382222,6.585713668380796,0.0,1.7544617777969838,0.0
2006,EC129,85.88453693305526,4.494304769325969,0.0,1.2078014346939243,0.0
2011,EC129,82.63070293440343,7.665473449007045,0.0,0.4674069176223808,0.0
2016,EC129,80.84225294743274,10.221538322282818,6.134733316738703,1.0273585119141906,0.0
2021,EC129,75.44105292635116,7.149257910949314,7.857742929151498,0.0,1.7698123774852983
2000,EC131,67.73564040850843,30.423469719638327,0.0,0.0,0.0
2006,EC131,69.93097219534224,27.088574930649635,0.0,1.0967034384878396,0.0
2011,EC131,64.66537673571591,33.05258365581607,0.0,1.1780104712041886,0.0
2016,EC131,58.40268146093389,38.881183541377716,2.7161349976883957,0.0,0.0
2021,EC131,53.635154992652716,39.50038485760269,2.784969561262333,0.0,0.2798964383178224
2000,EC135,79.13864394958402,1.6439994021820357,0.0,15.172121755592089,0.0
2006,EC135,89.33818832247348,0.0,0.0,6.99927601039138,0.0
2011,EC135,88.35195530726257,1.0358472998137802,0.0,3.4124767225325883,0.0
2016,EC135,81.8241469816273,2.323739704950674,6.539053307991673,5.274232962259028,0.0
2021,EC135,81.16174951211113,1.937205831707037,9.324417403283205,3.4209620020663527,1.4033980025255424
2000,EC136,86.00605143721634,2.178517397881997,0.0,6.316187594553707,0.0
2006,EC136,91.3801036841621,1.263842449154882,0.0,4.739409184330808,0.0
2011,EC136,86.71304347826087,4.701449275362319,0.0,2.582608695652174,0.0
2016,EC136,82.1886076302643,11.216544333119366,2.7434344561971478,2.0457146046719323,0.0
2021,EC136,81.51878863197828,6.364260718840959,5.343885927331001,2.508421362461981,1.3801223141577001
2000,EC137,64.99115502437762,0.0,0.0,26.69456789058118,0.0
2006,EC137,83.7688682059543,0.0,0.0,9.647395740110971,0.0
2011,EC137,86.97714072574199,0.706026535940747,0.0,6.644642191080087,0.0
2016,EC137,83.28189440908967,1.7644006227296316,4.2198126348564715,6.15628328735695,0.0
2021,EC137,82.07380279941653,1.3531547748362869,5.5988330591850035,5.074330405636076,3.0445982433816456
2000,EC138,75.06379876048122,3.5089318264673715,0.0,8.457892818082392,0.0
2006,EC138,83.4190684236488,1.4657177084067368,0.0,6.194066661968853,0.0
2011,EC138,82.30517513028724,3.854078293540177,0.0,2.62998424433402,0.0
2016,EC138,81.83665927568367,7.095343680709535,4.619364375461936,2.765459472776546,0.0
2021,EC138,73.06846399432423,8.783256473926924,7.335934728627173,3.2493792124866974,3.4338417878680385
2000,EC139,85.26084509088268,7.470356448947722,0.0,4.120135824662708,0.0
2006,EC139,89.12393533808448,5.240743959673214,0.0,2.5291152442204066,0.0
2011,EC139,80.71518424201516,10.25833767986991,0.0,1.6445248979842297,0.0
2016,EC139,73.33384262796028,13.307868601986248,7.856378915202445,1.4576012223071046,0.0
2021,EC139,63.81185476895898,10.489317458272758,8.400655122283359,1.3580905761763677,1.0102868920336394
2000,EC141,85.07912282111013,0.0,0.0,14.92087717888987,0.0
2006,EC141,88.16204441265403,1.7361901355788927,0.0,8.245277497805377,0.0
2011,EC141,80.06677265500795,6.4260731319554845,0.0,4.65818759936407,0.0
2016,EC141,84.08902323376007,5.236486486486487,4.12814129919393,2.1307491702228543,0.0
2021,EC141,80.05528386136508,3.3701892409100576,7.566092565029414,2.8740520235310796,2.101495499326671
2000,EC142,87.67684288905436,7.620997766195086,0.0,0.0,0.0
2006,EC142,92.65059265059266,2.72970272970273,0.0,2.6406026406026406,0.0
2011,EC142,87.07960717616723,6.369671366653865,0.0,1.2508915345366765,0.0
2016,EC142,68.33925157060912,4.149139579349904,3.0811253755804424,0.7402349084949468,0.0
2021,EC142,74.22378441710603,3.4453719976567077,11.44185705916813,1.32908611599297,0.9043643819566491
2000,EC145,76.29049483802065,19.840987302717455,0.0,0.0,0.0
2006,EC145,78.68474501838942,18.570565954877313,0.0,0.0,0.0
2011,EC145,69.56664324197705,20.651206371515578,0.0,1.5413445771843524,0.0
2016,EC145,66.89117162515748,22.434344413218334,5.683690280065898,0.0,0.0
2021,EC145,55.71284125379171,22.851365015166834,12.490334859929817,0.0,1.5880568607625052
2000,EC153,80.44310076054609,0.0,0.0,17.709858755727716,0.0
2006,EC153,92.79776505859907,0.0,0.0,3.417143635868084,0.0
2011,EC153,89.36083252114314,1.6097085547206589,0.0,1.5201056371239035,0.0
2016,EC153,83.44040074490046,3.3852550129202696,5.879805401971965,2.295332823259373,0.0
2021,EC153,75.83534861541605,2.576722640416908,9.417895704894581,2.0164174529105217,2.3314826799277903
2000,EC154,74.27369579746039,0.0,0.0,25.72630420253961,0.0
2006,EC154,90.3534713420645,0.0,0.0,7.576397690466131,0.0
2011,EC154,87.8127094036185,4.154567790931427,0.0,3.9088675452311814,0.0
2016,EC154,79.66534863535539,5.641816954383258,2.854662937602469,4.525508727939049,0.0
2021,EC154,78.49817532830772,3.3696491835593085,7.565062198662796,2.288164939665965,4.174102980741057
2000,EC155,69.4091450934527,0.0,0.0,28.469894964125864,0.0
2006,EC155,90.05814867201006,0.0,0.0,8.45984598459846,0.0
2011,EC155,86.043997965412,2.9422049847405902,0.0,6.823817395727366,0.0
2016,EC155,84.8257252080054,4.1481148339704665,4.115133798066112,5.863128700996927,0.0
2021,EC155,79.63909666541105,1.492403451182981,5.115786830257045,3.426070422787853,7.580405029686631
2000,EC156,64.19862689393939,0.0,0.0,35.80137310606061,0.0
2006,EC156,86.86956163140748,0.0,0.0,9.946801929976495,0.0
2011,EC156,91.06575507741806,0.0,0.0,5.712849386688116,0.0
2016,EC156,79.54866569819507,3.227796461761955,3.128295954309367,6.278482020258303,0.0
2021,EC156,77.74025847828199,1.479448061412885,6.051404139539403,6.678165387231561,4.3970459624914975
2000,EC157,43.824842234877636,1.4883792519624441,0.0,50.409419732184084,0.0
2006,EC157,72.49885163068443,0.6603123564538356,0.0,24.19843821773082,0.0
2011,EC157,66.0428099787918,2.8871591927760893,0.0,24.991800948903514,0.0
2016,EC157,63.31317240271905,4.45859872611465,4.452175774768506,22.021088690253173,0.0
2021,EC157,63.62888424783242,1.9770900575912917,7.003354218087463,16.311625846465414,4.983228909562686
2006,EC441,72.83692975499812,1.7676029884385827,0.0,3.234692599858091,0.0
2011,EC441,74.18474526357122,4.8709139098851475,0.0,3.0568371453813685,0.0
2016,EC441,74.43970212689966,8.075432612461382,6.8039359251388465,2.7430040895047947,0.0
2021,EC441,73.03932218118618,5.213990875515968,11.759129421523513,1.3192976912290404,1.7399719550490786
2000,EC442,83.62619549359702,0.0,0.0,11.531852812449344,0.0
2006,EC442,91.94406145361434,0.0,0.0,5.941829164204583,0.0
2011,EC442,83.64810195568785,3.085501079506152,0.0,4.663885802922003,0.0
2016,EC442,76.72961751846273,6.7347613623838045,4.776426498144542,7.493478340742918,0.0
2021,EC442,76.08881645956407,4.110816866979018,10.09370543898961,2.6685679364432673,2.7907924220818905
2000,EC443,85.84363461229732,0.0,0.0,14.156365387702682,0.0
2006,EC443,94.8120096457562,0.49077879292191695,0.0,2.6406955812926673,0.0
2011,EC443,86.03149807122135,2.277871648547837,0.0,1.0026460930277044,0.0
2016,EC443,80.3170536870231,3.490069691210093,6.389279122937499,1.5398176459245791,0.0
2021,EC443,74.42173741621764,1.8481403600998818,7.064003154159548,1.4489420423183073,6.963792876856354
2000,EC444,82.08470657681146,0.0,0.0,17.915293423188547,0.0
2006,EC444,91.1463543812158,0.0,0.0,5.290413699758724,0.0
2011,EC444,87.98906652258208,2.129485427327337,0.0,2.21530051171217,0.0
2016,EC444,83.87077475321567,5.18994914747233,5.318576129225247,1.169608136404427,0.0
2021,EC444,80.93291504262129,1.3943023734829039,11.756504103685394,1.033051303989606,1.6224609436891972
2000,NMA,65.93225016506031,28.638400888705682,0.0,2.3978285398887023,0.0
2006,NMA,67.60782985688535,24.140412517329327,0.0,1.1637546343820884,0.0
2011,NMA,52.13219001490927,40.24101943147091,0.0,0.5395342707226465,0.0
2016,NMA,41.504485017963724,46.663898299293805,5.028266257368807,1.8315904007737411,0.0
2021,NMA,39.60320502844824,40.03894314528526,6.399049574699861,1.0749219049498788,0.25924140574885846
