MuniCode,Party,PartyVotes,ValidVotes,VoteShare_%,Year
BUF,AFRICAN CHRISTIAN DEMOCRATIC PARTY,2205,194108,1.1359655449543553,2000
BUF,ANC,157746,194108,81.26712963916995,2000
BUF,DA,25723,194108,13.251901003565026,2000
BUF,INKATHA FREEDOM PARTY,561,194108,0.28901436313804685,2000
BUF,PAN AFRICANIST CONGRESS OF AZANIA,4942,194108,2.5460053166278565,2000
BUF,UDM,2931,194108,1.509984132544769,2000
EC101,ANC,9610,17328,55.459372114496766,2000
EC101,DA,5761,17328,33.246768236380426,2000
EC101,JANSENVILLE KLIPPLAAT ALLIANSIE,1046,17328,6.036472760849493,2000
EC101,UDM,911,17328,5.257386888273315,2000
EC102,ANC,5979,8500,70.34117647058824,2000
EC102,DA,2271,8500,26.71764705882353,2000
EC102,UDM,250,8500,2.9411764705882355,2000
EC104,AFRICAN CHRISTIAN DEMOCRATIC PARTY,411,22157,1.8549442614072302,2000
EC104,ANC,18173,22157,82.0192264295708,2000
EC104,DA,3155,22157,14.239292322967911,2000
EC104,UDM,418,22157,1.8865369860540686,2000
EC105,AFRICAN CHRISTIAN DEMOCRATIC PARTY,312,16617,1.8775952337967141,2000
EC105,ANC,12556,16617,75.56117229343444,2000
EC105,DA,3480,16617,20.94240837696335,2000
EC105,UDM,269,16617,1.6188240958055005,2000
EC106,ANC,10069,12014,83.81055435325453,2000
EC106,DA,1945,12014,16.189445646745465,2000
EC108,AFRICAN CHRISTIAN DEMOCRATIC PARTY,401,19053,2.104655434839658,2000
EC108,ANC,9408,19053,49.37805070067706,2000
EC108,DA,8785,19053,46.108224426599485,2000
EC108,KOUGA 2000,459,19053,2.409069437883798,2000
EC109,AFRICAN CHRISTIAN DEMOCRATIC PARTY,195,7176,2.717391304347826,2000
EC109,ANC,4628,7176,64.4927536231884,2000
EC109,DA,2353,7176,32.789855072463766,2000
EC121,ANC,27753,46333,59.898992079079704,2000
EC121,UDM,18580,46333,40.101007920920296,2000
EC122,ANC,37024,56188,65.8930732540756,2000
EC122,DA,1924,56188,3.4242186943831423,2000
EC122,PAN AFRICANIST CONGRESS OF AZANIA,2541,56188,4.522317932654659,2000
EC122,UDM,14699,56188,26.160390118886596,2000
EC123,AFRICAN CHRISTIAN DEMOCRATIC PARTY,244,11552,2.1121883656509697,2000
EC123,ANC,10560,11552,91.41274238227147,2000
EC123,DA,748,11552,6.475069252077562,2000
EC124,ANC,31989,35980,88.9077265147304,2000
EC124,DA,2462,35980,6.842690383546414,2000
EC124,UDM,1529,35980,4.2495831017231795,2000
EC126,ANC,21826,22765,95.87524708983088,2000
EC126,UDM,939,22765,4.12475291016912,2000
EC129,ANC,42422,46282,91.65982455382222,2000
EC129,DA,3048,46282,6.585713668380796,2000
EC129,UDM,812,46282,1.7544617777969838,2000
EC131,AFRICAN CHRISTIAN DEMOCRATIC PARTY,283,15373,1.8408898718532491,2000
EC131,ANC,10413,15373,67.73564040850843,2000
EC131,DA,4677,15373,30.423469719638327,2000
EC135,ANC,31771,40146,79.13864394958402,2000
EC135,DA,660,40146,1.6439994021820357,2000
EC135,PAN AFRICANIST CONGRESS OF AZANIA,1624,40146,4.045234892641857,2000
EC135,UDM,6091,40146,15.172121755592089,2000
EC136,ANC,22740,26440,86.00605143721634,2000
EC136,DA,576,26440,2.178517397881997,2000
EC136,PAN AFRICANIST CONGRESS OF AZANIA,1454,26440,5.499243570347958,2000
EC136,UDM,1670,26440,6.316187594553707,2000
EC137,ANC,15063,23177,64.99115502437762,2000
EC137,PAN AFRICANIST CONGRESS OF AZANIA,1927,23177,8.314277085041205,2000
EC137,UDM,6187,23177,26.69456789058118,2000
EC138,ANC,8236,10972,75.06379876048122,2000
EC138,DA,385,10972,3.5089318264673715,2000
EC138,PAN AFRICANIST CONGRESS OF AZANIA,1423,10972,12.969376594969011,2000
EC138,UDM,928,10972,8.457892818082392,2000
EC139,ANC,46954,55071,85.26084509088268,2000
EC139,DA,4114,55071,7.470356448947722,2000
EC139,PAN AFRICANIST CONGRESS OF AZANIA,1734,55071,3.148662635506891,2000
EC139,UDM,2269,55071,4.120135824662708,2000
EC141,ANC,21183,24898,85.07912282111013,2000
EC141,UDM,3715,24898,14.92087717888987,2000
EC142,ANC,23550,26860,87.67684288905436,2000
EC142,DA,2047,26860,7.620997766195086,2000
EC142,PAN AFRICANIST CONGRESS OF AZANIA,1263,26860,4.702159344750559,2000
EC145,AFRICAN CHRISTIAN DEMOCRATIC PARTY,214,16854,1.2697282544203157,2000
EC145,ANC,12858,16854,76.29049483802065,2000
EC145,DA,3344,16854,19.840987302717455,2000
EC145,PAN AFRICANIST CONGRESS OF AZANIA,438,16854,2.598789604841581,2000
EC153,AFRICAN CHRISTIAN DEMOCRATIC PARTY,782,42338,1.8470404837262033,2000
EC153,ANC,34058,42338,80.44310076054609,2000
EC153,UDM,7498,42338,17.709858755727716,2000
EC154,ANC,18893,25437,74.27369579746039,2000
EC154,UDM,6544,25437,25.72630420253961,2000
EC155,ANC,30860,44461,69.4091450934527,2000
EC155,PAN AFRICANIST CONGRESS OF AZANIA,943,44461,2.120959942421448,2000
EC155,UDM,12658,44461,28.469894964125864,2000
EC156,ANC,21694,33792,64.19862689393939,2000
EC156,UDM,12098,33792,35.80137310606061,2000
EC157,AFRICAN CHRISTIAN DEMOCRATIC PARTY,1224,64970,1.8839464368169925,2000
EC157,ANC,28473,64970,43.824842234877636,2000
EC157,DA,967,64970,1.4883792519624441,2000
EC157,PAN AFRICANIST CONGRESS OF AZANIA,1555,64970,2.3934123441588424,2000
EC157,UDM,32751,64970,50.409419732184084,2000
EC442,ANC,51589,61690,83.62619549359702,2000
EC442,INKATHA FREEDOM PARTY,2987,61690,4.841951693953639,2000
EC442,UDM,7114,61690,11.531852812449344,2000
EC443,ANC,26736,31145,85.84363461229732,2000
EC443,UDM,4409,31145,14.156365387702682,2000
EC444,ANC,16687,20329,82.08470657681146,2000
EC444,UDM,3642,20329,17.915293423188547,2000
NMA,AFRICAN CHRISTIAN DEMOCRATIC PARTY,3485,286259,1.2174289716655198,2000
NMA,AFRICAN TRANSFORMATION EFFICIENCY AND AFFIRMATIVE MOVEMENT,1151,286259,0.4020834279446236,2000
NMA,ANC,188737,286259,65.93225016506031,2000
NMA,DA,81980,286259,28.638400888705682,2000
NMA,INKATHA FREEDOM PARTY,738,286259,0.25780848811740414,2000
NMA,PAN AFRICANIST CONGRESS OF AZANIA,3304,286259,1.1541995186177552,2000
NMA,UDM,6864,286259,2.3978285398887023,2000
BUF,AFRICAN CHRISTIAN DEMOCRATIC PARTY,2019,184573,1.0938761357294946,2006
BUF,ANC,150121,184573,81.33421464677933,2006
BUF,DA,22024,184573,11.932406148244867,2006
BUF,INDEPENDENT DEMOCRATS,1216,184573,0.6588179202808645,2006
BUF,INKATHA FREEDOM PARTY,234,184573,0.1267791063698374,2006
BUF,NATIONAL DEMOCRATIC CONVENTION,359,184573,0.19450298797765653,2006
BUF,PAN AFRICANIST CONGRESS OF AZANIA,5496,184573,2.9776836265325914,2006
BUF,UDM,2553,184573,1.383192557958098,2006
BUF,UNITED INDEPENDENT FRONT,551,184573,0.2985268701272667,2006
EC101,ANC,11223,18020,62.28079911209767,2006
EC101,DA,5183,18020,28.76248612652608,2006
EC101,INDEPENDENT DEMOCRATS,590,18020,3.274139844617092,2006
EC101,JANSENVILLE KLIPPLAAT ALLIANSIE,593,18020,3.2907880133185348,2006
EC101,VRYHEIDSFRONT PLUS,431,18020,2.3917869034406216,2006
EC102,ANC,6795,9128,74.44127957931639,2006
EC102,DA,2011,9128,22.031113058720422,2006
EC102,PAN AFRICANIST CONGRESS OF AZANIA,216,9128,2.366345311130587,2006
EC102,UDM,106,9128,1.161262050832603,2006
EC104,AFRICAN CHRISTIAN DEMOCRATIC PARTY,292,22219,1.3141905576308566,2006
EC104,ANC,17977,22219,80.90823169359557,2006
EC104,AZANIAN PEOPLE'S ORGANISATION,238,22219,1.0711553175210407,2006
EC104,DA,3103,22219,13.965525001125163,2006
EC104,INDEPENDENT DEMOCRATS,133,22219,0.5985867950852873,2006
EC104,PAN AFRICANIST CONGRESS OF AZANIA,230,22219,1.0351500967640308,2006
EC104,UDM,246,22219,1.1071605382780503,2006
EC105,AFRICAN CHRISTIAN DEMOCRATIC PARTY,479,18549,2.58234945280069,2006
EC105,ANC,14391,18549,77.58369723435226,2006
EC105,DA,3679,18549,19.833953312847054,2006
EC106,ANC,12092,13900,86.99280575539568,2006
EC106,DA,1374,13900,9.884892086330936,2006
EC106,PAN AFRICANIST CONGRESS OF AZANIA,309,13900,2.223021582733813,2006
EC106,UDM,125,13900,0.8992805755395683,2006
EC108,AFRICAN CHRISTIAN DEMOCRATIC PARTY,351,22440,1.5641711229946524,2006
EC108,ANC,11718,22440,52.219251336898395,2006
EC108,DA,7020,22440,31.28342245989305,2006
EC108,INDEPENDENT DEMOCRATS,479,22440,2.1345811051693406,2006
EC108,KOUGA 2000,1367,22440,6.091800356506239,2006
EC108,KOUGA CIVIC ALLIANCE,1212,22440,5.401069518716578,2006
EC108,VRYHEIDSFRONT PLUS,293,22440,1.3057040998217468,2006
EC109,AFRICAN CHRISTIAN DEMOCRATIC PARTY,161,8370,1.923536439665472,2006
EC109,ANC,5616,8370,67.09677419354838,2006
EC109,DA,1655,8370,19.77299880525687,2006
EC109,INDEPENDENT DEMOCRATS,938,8370,11.206690561529271,2006
EC121,AFRICAN CHRISTIAN DEMOCRATIC PARTY,289,62688,0.46101327207759063,2006
EC121,ANC,52367,62688,83.53592394078612,2006
EC121,DA,322,62688,0.5136549259826442,2006
EC121,PAN AFRICANIST CONGRESS OF AZANIA,714,62688,1.1389739663093414,2006
EC121,UDM,8996,62688,14.350433894844308,2006
EC122,ANC,54233,68068,79.6747370276782,2006
EC122,DA,2608,68068,3.831462654992067,2006
EC122,PAN AFRICANIST CONGRESS OF AZANIA,1834,68068,2.6943644590703415,2006
EC122,UDM,9393,68068,13.799435858259388,2006
EC123,ANC,11283,13115,86.03126191383912,2006
EC123,DA,711,13115,5.4212733511246665,2006
EC123,INDEPENDENT DEMOCRATS,589,13115,4.491040792985132,2006
EC123,PAN AFRICANIST CONGRESS OF AZANIA,129,13115,0.9836065573770492,2006
EC123,UDM,403,13115,3.072817384674037,2006
EC124,ANC,34537,38315,90.13963199791205,2006
EC124,DA,1670,38315,4.358606289964766,2006
EC124,INDEPENDENT DEMOCRATS,240,38315,0.6263865326895471,2006
EC124,PAN AFRICANIST CONGRESS OF AZANIA,606,38315,1.5816259950411067,2006
EC124,UDM,1262,38315,3.2937491843925355,2006
EC126,ANC,23393,24240,96.50577557755776,2006
EC126,DA,847,24240,3.4942244224422443,2006
EC129,ADELAIDE RESIDENTS ASSOCIATION,2138,43633,4.899961038663397,2006
EC129,ANC,37474,43633,85.88453693305526,2006
EC129,BEDFORD RESIDENTS' ASSOCIATION,733,43633,1.6799211605894622,2006
EC129,DA,1961,43633,4.494304769325969,2006
EC129,PAN AFRICANIST CONGRESS OF AZANIA,800,43633,1.8334746636719914,2006
EC129,UDM,527,43633,1.2078014346939243,2006
EC131,AFRICAN CHRISTIAN DEMOCRATIC PARTY,292,15501,1.883749435520289,2006
EC131,ANC,10840,15501,69.93097219534224,2006
EC131,DA,4199,15501,27.088574930649635,2006
EC131,UDM,170,15501,1.0967034384878396,2006
EC135,ANC,41955,46962,89.33818832247348,2006
EC135,PAN AFRICANIST CONGRESS OF AZANIA,1720,46962,3.6625356671351303,2006
EC135,UDM,3287,46962,6.99927601039138,2006
EC136,ANC,29789,32599,91.3801036841621,2006
EC136,DA,412,32599,1.263842449154882,2006
EC136,PAN AFRICANIST CONGRESS OF AZANIA,853,32599,2.6166446823522196,2006
EC136,UDM,1545,32599,4.739409184330808,2006
EC137,ANC,28081,33522,83.7688682059543,2006
EC137,PAN AFRICANIST CONGRESS OF AZANIA,1747,33522,5.211502893622099,2006
EC137,UDM,3234,33522,9.647395740110971,2006
EC137,UNITED INDEPENDENT FRONT,460,33522,1.3722331603126305,2006
EC138,ANC,11838,14191,83.4190684236488,2006
EC138,DA,208,14191,1.4657177084067368,2006
EC138,PAN AFRICANIST CONGRESS OF AZANIA,1266,14191,8.921147205975618,2006
EC138,UDM,879,14191,6.194066661968853,2006
EC139,ANC,51273,57530,89.12393533808448,2006
EC139,DA,3015,57530,5.240743959673214,2006
EC139,INDEPENDENT DEMOCRATS,193,57530,0.3354771423605076,2006
EC139,PAN AFRICANIST CONGRESS OF AZANIA,1594,57530,2.770728315661394,2006
EC139,UDM,1455,57530,2.5291152442204066,2006
EC141,ANC,27116,30757,88.16204441265403,2006
EC141,DA,534,30757,1.7361901355788927,2006
EC141,PAN AFRICANIST CONGRESS OF AZANIA,571,30757,1.8564879539616999,2006
EC141,UDM,2536,30757,8.245277497805377,2006
EC142,ANC,34315,37037,92.65059265059266,2006
EC142,DA,1011,37037,2.72970272970273,2006
EC142,PAN AFRICANIST CONGRESS OF AZANIA,733,37037,1.979101979101979,2006
EC142,UDM,978,37037,2.6406026406026406,2006
EC145,ANC,14334,18217,78.68474501838942,2006
EC145,AZANIAN PEOPLE'S ORGANISATION,264,18217,1.449195806115167,2006
EC145,DA,3383,18217,18.570565954877313,2006
EC145,PAN AFRICANIST CONGRESS OF AZANIA,236,18217,1.295493220618104,2006
EC153,AFRICAN CHRISTIAN DEMOCRATIC PARTY,608,58704,1.0357045516489507,2006
EC153,ANC,54476,58704,92.79776505859907,2006
EC153,PAN AFRICANIST CONGRESS OF AZANIA,652,58704,1.110656854728809,2006
EC153,UDM,2006,58704,3.417143635868084,2006
EC153,UNITED INDEPENDENT FRONT,962,58704,1.6387298991550832,2006
EC154,ANC,32080,35505,90.3534713420645,2006
EC154,PAN AFRICANIST CONGRESS OF AZANIA,308,35505,0.8674834530347838,2006
EC154,UDM,2690,35505,7.576397690466131,2006
EC154,UNITED INDEPENDENT FRONT,427,35505,1.2026475144345867,2006
EC155,ANC,57304,63630,90.05814867201006,2006
EC155,INDEPENDENT DEMOCRATS,152,63630,0.23888103096023888,2006
EC155,PAN AFRICANIST CONGRESS OF AZANIA,619,63630,0.9728115668709728,2006
EC155,UDM,5383,63630,8.45984598459846,2006
EC155,UNITED INDEPENDENT FRONT,172,63630,0.2703127455602703,2006
EC156,ANC,42130,48498,86.86956163140748,2006
EC156,PAN AFRICANIST CONGRESS OF AZANIA,429,48498,0.8845725596931833,2006
EC156,UDM,4824,48498,9.946801929976495,2006
EC156,UNITED INDEPENDENT FRONT,1115,48498,2.2990638789228424,2006
EC157,ANC,63132,87080,72.49885163068443,2006
EC157,DA,575,87080,0.6603123564538356,2006
EC157,INDEPENDENT DEMOCRATS,245,87080,0.28135048231511256,2006
EC157,PAN AFRICANIST CONGRESS OF AZANIA,1505,87080,1.7282958199356913,2006
EC157,UDM,21072,87080,24.19843821773082,2006
EC157,UNITED INDEPENDENT FRONT,551,87080,0.6327514928801102,2006
EC441,AFRICAN INDEPENDENT CONGRESS,10345,47918,21.588964480988356,2006
EC441,ANC,34902,47918,72.83692975499812,2006
EC441,DA,847,47918,1.7676029884385827,2006
EC441,UDM,1550,47918,3.234692599858091,2006
EC441,UNITED INDEPENDENT FRONT,274,47918,0.5718101757168497,2006
EC442,ANC,42012,45693,91.94406145361434,2006
EC442,INKATHA FREEDOM PARTY,430,45693,0.9410631825443723,2006
EC442,PAN AFRICANIST CONGRESS OF AZANIA,536,45693,1.1730461996367059,2006
EC442,UDM,2715,45693,5.941829164204583,2006
EC443,AFRICAN CHRISTIAN DEMOCRATIC PARTY,358,58886,0.6079543524776687,2006
EC443,ANC,55831,58886,94.8120096457562,2006
EC443,DA,289,58886,0.49077879292191695,2006
EC443,PAN AFRICANIST CONGRESS OF AZANIA,515,58886,0.8745712053798865,2006
EC443,UDM,1555,58886,2.6406955812926673,2006
EC443,UNITED INDEPENDENT FRONT,338,58886,0.5739904221716537,2006
EC444,ANC,30977,33986,91.1463543812158,2006
EC444,UDM,1798,33986,5.290413699758724,2006
EC444,UNITED INDEPENDENT FRONT,1211,33986,3.563231919025481,2006
NMA,AFRICAN CHRISTIAN DEMOCRATIC PARTY,2206,283479,0.7781881550308841,2006
NMA,ALLIANCE FOR COMMUNITY TRANSFORMATION,772,283479,0.27233057827916707,2006
NMA,ANC,191654,283479,67.60782985688535,2006
NMA,AZANIAN PEOPLE'S ORGANISATION,958,283479,0.3379439041339923,2006
NMA,CONGRESS MOVEMENT OF THE COLOURED PEOPLE IN SOUTH AFRICA,1869,283479,0.6593080968960664,2006
NMA,DA,68433,283479,24.140412517329327,2006
NMA,INDEPENDENT DEMOCRATS,7286,283479,2.570208022463745,2006
NMA,INKATHA FREEDOM PARTY,391,283479,0.1379290882217025,2006
NMA,LIBERAL PARTY,296,283479,0.1044169056614423,2006
NMA,PAN AFRICANIST CONGRESS OF AZANIA,2160,283479,0.7619612034753898,2006
NMA,UDM,3299,283479,1.1637546343820884,2006
NMA,UNITED INDEPENDENT FRONT,1238,283479,0.4367166527326539,2006
NMA,VRYHEIDSFRONT PLUS,2917,283479,1.0290003845081999,2006
BUF,AFRICAN CHRISTIAN DEMOCRATIC PARTY,1485,212540,0.6986920109155924,2011
BUF,AFRICAN INDEPENDENT CONGRESS,7616,212540,3.5833254916721557,2011
BUF,ANC,146919,212540,69.12534111226122,2011
BUF,CONGRESS  OF THE PEOPLE,7867,212540,3.7014209090053636,2011
BUF,DA,43062,212540,20.260656817540227,2011
BUF,PAN AFRICANIST CONGRESS OF AZANIA,3536,212540,1.6636868354192151,2011
BUF,PAN AFRICANIST MOVEMENT,492,212540,0.23148583795991343,2011
BUF,UDM,1563,212540,0.7353909852263103,2011
EC101,ANC,12789,23537,54.335726728130176,2011
EC101,DA,10474,23537,44.50014870204359,2011
EC101,INDEPENDENT RATEPAYERS ASSOCIATION OF SA,89,23537,0.3781280537026809,2011
EC101,PAN AFRICANIST CONGRESS OF AZANIA,90,23537,0.38237668351956494,2011
EC101,VRYHEIDSFRONT PLUS,95,23537,0.4036198326039852,2011
EC102,ANC,6488,9899,65.5419739367613,2011
EC102,DA,3411,9899,34.45802606323871,2011
EC104,ANC,18106,24699,73.30661160370865,2011
EC104,AZANIAN PEOPLE'S ORGANISATION,346,24699,1.4008664318393458,2011
EC104,CONGRESS  OF THE PEOPLE,690,24699,2.7936353698530305,2011
EC104,DA,5074,24699,20.54334183570185,2011
EC104,MAKANA INDEPENDENT NEW DEAL,483,24699,1.9555447588971213,2011
EC105,ANC,14481,21014,68.91120205577234,2011
EC105,DA,6533,21014,31.088797944227657,2011
EC106,ANC,11923,15179,78.54931154885038,2011
EC106,DA,3256,15179,21.450688451149613,2011
EC108,ANC,17184,34252,50.169333177624665,2011
EC108,DA,16551,34252,48.32126591147962,2011
EC108,KOUGA 2000,245,34252,0.7152866985869438,2011
EC108,SOUTH AFRICAN PROGRESSIVE CIVIC ORGANISATION,32,34252,0.09342520144809062,2011
EC108,VRYHEIDSFRONT PLUS,240,34252,0.7006890108606797,2011
EC109,ANC,6569,11357,57.84097913181298,2011
EC109,DA,4788,11357,42.15902086818702,2011
EC121,AFRICAN CHRISTIAN DEMOCRATIC PARTY,263,59720,0.44038847957133287,2011
EC121,AFRICAN PEOPLE'S CONVENTION,515,59720,0.8623576691225721,2011
EC121,ANC,41962,59720,70.26456798392498,2011
EC121,CONGRESS  OF THE PEOPLE,9086,59720,15.214333556597454,2011
EC121,DA,678,59720,1.1352980576021434,2011
EC121,PAN AFRICANIST CONGRESS OF AZANIA,302,59720,0.5056932350971199,2011
EC121,UDM,6798,59720,11.38312123241795,2011
EC121,UNITED INDEPENDENT FRONT,116,59720,0.1942397856664434,2011
EC122,AFRICAN CHRISTIAN DEMOCRATIC PARTY,290,65863,0.4403079118776855,2011
EC122,AFRICAN PEOPLE'S CONVENTION,533,65863,0.8092555759682978,2011
EC122,ANC,50346,65863,76.44049010825502,2011
EC122,CONGRESS  OF THE PEOPLE,7445,65863,11.30376691010127,2011
EC122,DA,2228,65863,3.3827794057361493,2011
EC122,PAN AFRICANIST CONGRESS OF AZANIA,1053,65863,1.59877321105932,2011
EC122,UDM,3968,65863,6.024626877002262,2011
EC123,ANC,10790,12752,84.6141781681305,2011
EC123,DA,1962,12752,15.38582183186951,2011
EC124,AFRICAN PEOPLE'S CONVENTION,292,36210,0.8064070698702016,2011
EC124,ANC,29829,36210,82.37779618889809,2011
EC124,AZANIAN PEOPLE'S ORGANISATION,103,36210,0.2844518088925711,2011
EC124,CATHCART RESIDENTS ASSOCIATION,656,36210,1.8116542391604529,2011
EC124,CONGRESS  OF THE PEOPLE,2936,36210,8.108257387462027,2011
EC124,DA,1802,36210,4.976525821596244,2011
EC124,PAN AFRICANIST CONGRESS OF AZANIA,169,36210,0.46672190002761665,2011
EC124,UDM,423,36210,1.168185584092792,2011
EC126,ANC,18200,19070,95.43786051389617,2011
EC126,DA,618,19070,3.24069218668065,2011
EC126,PAN AFRICANIST CONGRESS OF AZANIA,252,19070,1.3214472994231778,2011
EC129,ADELAIDE RESIDENTS ASSOCIATION,222,43859,0.506167491278871,2011
EC129,ANC,36241,43859,82.63070293440343,2011
EC129,BEDFORD RESIDENTS' ASSOCIATION,48,43859,0.10944161973597209,2011
EC129,CONGRESS  OF THE PEOPLE,2549,43859,5.811806014729018,2011
EC129,DA,3362,43859,7.665473449007045,2011
EC129,NXUBA COMMUNITY ORGANISATION,744,43859,1.6963451059075674,2011
EC129,PAN AFRICANIST CONGRESS OF AZANIA,488,43859,1.1126564673157162,2011
EC129,UDM,205,43859,0.4674069176223808,2011
EC131,ANC,11363,17572,64.66537673571591,2011
EC131,DA,5808,17572,33.05258365581607,2011
EC131,UDM,207,17572,1.1780104712041886,2011
EC131,VRYHEIDSFRONT PLUS,194,17572,1.104029137263829,2011
EC135,AFRICAN PEOPLE'S CONVENTION,360,42960,0.8379888268156425,2011
EC135,ANC,37956,42960,88.35195530726257,2011
EC135,CONGRESS  OF THE PEOPLE,1958,42960,4.557728119180633,2011
EC135,DA,445,42960,1.0358472998137802,2011
EC135,PAN AFRICANIST CONGRESS OF AZANIA,555,42960,1.291899441340782,2011
EC135,PAN AFRICANIST MOVEMENT,220,42960,0.5121042830540037,2011
EC135,UDM,1466,42960,3.4124767225325883,2011
EC136,ANC,29916,34500,86.71304347826087,2011
EC136,CONGRESS  OF THE PEOPLE,1086,34500,3.1478260869565218,2011
EC136,DA,1622,34500,4.701449275362319,2011
EC136,PAN AFRICANIST CONGRESS OF AZANIA,423,34500,1.2260869565217392,2011
EC136,PAN AFRICANIST MOVEMENT,562,34500,1.6289855072463768,2011
EC136,UDM,891,34500,2.582608695652174,2011
EC137,ANC,32646,37534,86.97714072574199,2011
EC137,CONGRESS  OF THE PEOPLE,784,37534,2.088772845953003,2011
EC137,DA,265,37534,0.706026535940747,2011
EC137,INKATHA FREEDOM PARTY,73,37534,0.19449032876858316,2011
EC137,NATIONAL FREEDOM PARTY,540,37534,1.438695582671711,2011
EC137,PAN AFRICANIST CONGRESS OF AZANIA,476,37534,1.268183513614323,2011
EC137,PAN AFRICANIST MOVEMENT,182,37534,0.484893696381947,2011
EC137,UDM,2494,37534,6.644642191080087,2011
EC137,UNITED INDEPENDENT FRONT,74,37534,0.19715457984760484,2011
EC138,AFRICAN CHRISTIAN DEMOCRATIC PARTY,53,16502,0.3211731911283481,2011
EC138,AFRICAN PEOPLE'S CONVENTION,417,16502,2.5269664283117197,2011
EC138,ANC,13582,16502,82.30517513028724,2011
EC138,CONGRESS  OF THE PEOPLE,1313,16502,7.956611319840019,2011
EC138,DA,636,16502,3.854078293540177,2011
EC138,PAN AFRICANIST MOVEMENT,67,16502,0.40601139255847774,2011
EC138,UDM,434,16502,2.62998424433402,2011
EC139,ANC,52615,65186,80.71518424201516,2011
EC139,CONGRESS  OF THE PEOPLE,4157,65186,6.377136194888473,2011
EC139,DA,6687,65186,10.25833767986991,2011
EC139,NATIONAL FREEDOM PARTY,84,65186,0.1288620255883165,2011
EC139,PAN AFRICANIST CONGRESS OF AZANIA,360,65186,0.5522658239499278,2011
EC139,PAN AFRICANIST MOVEMENT,151,65186,0.23164483171233086,2011
EC139,PEOPLE'S DEMOCRATIC PARTY,60,65186,0.09204430399165466,2011
EC139,UDM,1072,65186,1.6445248979842297,2011
EC141,AFRICAN INDEPENDENT CONGRESS,2259,31450,7.1828298887122415,2011
EC141,AFRICAN PEOPLE'S CONVENTION,273,31450,0.8680445151033387,2011
EC141,ANC,25181,31450,80.06677265500795,2011
EC141,DA,2021,31450,6.4260731319554845,2011
EC141,PAN AFRICANIST CONGRESS OF AZANIA,251,31450,0.7980922098569158,2011
EC141,UDM,1465,31450,4.65818759936407,2011
EC142,ANC,31744,36454,87.07960717616723,2011
EC142,DA,2322,36454,6.369671366653865,2011
EC142,PAN AFRICANIST CONGRESS OF AZANIA,1838,36454,5.041970702803534,2011
EC142,UDM,456,36454,1.2508915345366765,2011
EC142,UNITED RESIDENTS FRONT,94,36454,0.2578592198387008,2011
EC145,ANC,14849,21345,69.56664324197705,2011
EC145,DA,4408,21345,20.651206371515578,2011
EC145,PAN AFRICANIST CONGRESS OF AZANIA,157,21345,0.7355352541578825,2011
EC145,UDM,329,21345,1.5413445771843524,2011
EC145,UNITED RESIDENTS FRONT,1602,21345,7.505270555165144,2011
EC153,AFRICAN CHRISTIAN DEMOCRATIC PARTY,248,63614,0.3898512905964096,2011
EC153,ANC,56846,63614,89.36083252114314,2011
EC153,CONGRESS  OF THE PEOPLE,4046,63614,6.360235168359166,2011
EC153,DA,1024,63614,1.6097085547206589,2011
EC153,PAN AFRICANIST CONGRESS OF AZANIA,483,63614,0.7592668280567171,2011
EC153,UDM,967,63614,1.5201056371239035,2011
EC154,AFRICAN PEOPLE'S CONVENTION,267,35816,0.7454768818405182,2011
EC154,ANC,31451,35816,87.8127094036185,2011
EC154,CONGRESS  OF THE PEOPLE,1210,35816,3.3783783783783785,2011
EC154,DA,1488,35816,4.154567790931427,2011
EC154,UDM,1400,35816,3.9088675452311814,2011
EC155,AFRICAN PEOPLE'S CONVENTION,344,62912,0.546795523906409,2011
EC155,ANC,54132,62912,86.043997965412,2011
EC155,CONGRESS  OF THE PEOPLE,1965,62912,3.123410478128179,2011
EC155,DA,1851,62912,2.9422049847405902,2011
EC155,PAN AFRICANIST CONGRESS OF AZANIA,327,62912,0.5197736520854527,2011
EC155,UDM,4293,62912,6.823817395727366,2011
EC156,AFRICAN PEOPLE'S CONVENTION,314,49730,0.6314096119042831,2011
EC156,ANC,45287,49730,91.06575507741806,2011
EC156,CONGRESS  OF THE PEOPLE,1288,49730,2.5899859239895435,2011
EC156,UDM,2841,49730,5.712849386688116,2011
EC157,AFRICAN CHRISTIAN DEMOCRATIC PARTY,382,91474,0.41760500251437566,2011
EC157,AFRICAN PEOPLE'S CONVENTION,500,91474,0.5466034064324289,2011
EC157,ANC,60412,91474,66.0428099787918,2011
EC157,CIVIC ALLIANCE OF SOUTH AFRICA,819,91474,0.8953363797363185,2011
EC157,CIVIC INDEPENDENT,480,91474,0.5247392701751318,2011
EC157,CONGRESS  OF THE PEOPLE,3086,91474,3.373636224500951,2011
EC157,DA,2641,91474,2.8871591927760893,2011
EC157,NATIONAL FREEDOM PARTY,210,91474,0.22957343070162015,2011
EC157,UDM,22861,91474,24.991800948903514,2011
EC157,UNITED INDEPENDENT FRONT,83,91474,0.0907361654677832,2011
EC441,AFRICAN INDEPENDENT CONGRESS,7109,50935,13.95700402473741,2011
EC441,ANC,37786,50935,74.18474526357122,2011
EC441,CONGRESS  OF THE PEOPLE,2002,50935,3.930499656424855,2011
EC441,DA,2481,50935,4.8709139098851475,2011
EC441,UDM,1557,50935,3.0568371453813685,2011
EC442,AFRICAN INDEPENDENT CONGRESS,2629,47707,5.510721697025594,2011
EC442,ANC,39906,47707,83.64810195568785,2011
EC442,CONGRESS  OF THE PEOPLE,1078,47707,2.259626469910076,2011
EC442,DA,1472,47707,3.085501079506152,2011
EC442,PAN AFRICANIST CONGRESS OF AZANIA,397,47707,0.8321629949483305,2011
EC442,UDM,2225,47707,4.663885802922003,2011
EC443,AFRICAN CHRISTIAN DEMOCRATIC PARTY,309,62734,0.49255587081965124,2011
EC443,AFRICAN INDEPENDENT CONGRESS,2336,62734,3.723658622118787,2011
EC443,AFRICAN PEOPLE'S CONVENTION,458,62734,0.7300666305352759,2011
EC443,ANC,53971,62734,86.03149807122135,2011
EC443,CONGRESS  OF THE PEOPLE,2202,62734,3.510058341569165,2011
EC443,DA,1429,62734,2.277871648547837,2011
EC443,NATIONAL FREEDOM PARTY,1106,62734,1.7629993305065834,2011
EC443,PAN AFRICANIST CONGRESS OF AZANIA,294,62734,0.4686453916536487,2011
EC443,UDM,629,62734,1.0026460930277044,2011
EC444,ANC,27684,31463,87.98906652258208,2011
EC444,CONGRESS  OF THE PEOPLE,2032,31463,6.458379684073356,2011
EC444,DA,670,31463,2.129485427327337,2011
EC444,NATIONAL FREEDOM PARTY,137,31463,0.4354320948415599,2011
EC444,UDM,697,31463,2.21530051171217,2011
EC444,UNITED INDEPENDENT FRONT,243,31463,0.7723357594634968,2011
NMA,AFRICAN CHRISTIAN DEMOCRATIC PARTY,1295,364203,0.3555709315958408,2011
NMA,AFRICAN COMMUNITY MOVEMENT,497,364203,0.13646235753137673,2011
NMA,AFRICAN PEOPLE'S CONVENTION,1575,364203,0.4324511330219685,2011
NMA,ANC,189867,364203,52.13219001490927,2011
NMA,AZANIAN PEOPLE'S ORGANISATION,1030,364203,0.2828093123889699,2011
NMA,CHRISTIAN DEMOCRATIC PARTY,594,364203,0.16309585588257097,2011
NMA,CONGRESS  OF THE PEOPLE,17784,364203,4.882991079150913,2011
NMA,DA,146559,364203,40.24101943147091,2011
NMA,PAN AFRICANIST CONGRESS OF AZANIA,1884,364203,0.5172939267386595,2011
NMA,SOUTH AFRICAN PROGRESSIVE CIVIC ORGANISATION,175,364203,0.048050125891329835,2011
NMA,UDM,1965,364203,0.5395342707226465,2011
NMA,UNITED INDEPENDENT FRONT,233,364203,0.06397531047245629,2011
NMA,VRYHEIDSFRONT PLUS,745,364203,0.20455625022308987,2011
BUF,AFRICAN CHRISTIAN DEMOCRATIC PARTY,1244,227772,0.5461601952830023,2016
BUF,AFRICAN INDEPENDENT CONGRESS,8869,227772,3.893806086788543,2016
BUF,ANC,136354,227772,59.864250215127406,2016
BUF,CONGRESS  OF THE PEOPLE,2258,227772,0.9913422194123949,2016
BUF,DA,53416,227772,23.451521697135732,2016
BUF,EFF,18693,227772,8.206891101627944,2016
BUF,PAN AFRICANIST CONGRESS OF AZANIA,2228,227772,0.9781711536097502,2016
BUF,PAN AFRICANIST MOVEMENT,446,227772,0.19580984493265194,2016
BUF,PEOPLES ALLIANCE,366,227772,0.16068700279226594,2016
BUF,UDM,2944,227772,1.2925205907662047,2016
BUF,UNITED CONGRESS,224,227772,0.0983439579930808,2016
BUF,UNITED FRONT OF THE EASTERN CAPE,730,227772,0.32049593453102226,2016
EC101,ANC,12607,24709,51.0218948561253,2016
EC101,DA,11466,24709,46.40414423894128,2016
EC101,EFF,459,24709,1.8576227285604436,2016
EC101,SERVICE DELIVERY ORGANISATION,177,24709,0.7163381763729815,2016
EC102,ANC,6447,10852,59.40840398083303,2016
EC102,DA,4188,10852,38.59196461481754,2016
EC102,EFF,217,10852,1.9996314043494288,2016
EC104,ANC,15078,23997,62.83285410676334,2016
EC104,AZANIAN PEOPLE'S ORGANISATION,208,23997,0.8667750135433596,2016
EC104,DA,7134,23997,29.728716089511188,2016
EC104,EFF,1382,23997,5.759053214985206,2016
EC104,UDM,195,23997,0.8126015751968996,2016
EC105,AFRICAN CHRISTIAN DEMOCRATIC PARTY,296,22252,1.3302175085385584,2016
EC105,ANC,13870,22252,62.331475822397984,2016
EC105,DA,6885,22252,30.941039007729643,2016
EC105,EFF,601,22252,2.7008808197015997,2016
EC105,UDM,600,22252,2.6963868416322128,2016
EC106,ANC,10478,14723,71.16756095904367,2016
EC106,DA,3206,14723,21.775453372274672,2016
EC106,EFF,727,14723,4.937852339876384,2016
EC106,PAN AFRICANIST CONGRESS OF AZANIA,236,14723,1.602934184609115,2016
EC106,UDM,76,14723,0.5161991441961556,2016
EC108,AFRICAN CHRISTIAN DEMOCRATIC PARTY,163,37960,0.4293993677555321,2016
EC108,ANC,15409,37960,40.5927291886196,2016
EC108,DA,21543,37960,56.751844046364596,2016
EC108,EFF,431,37960,1.1354056902002108,2016
EC108,PATRIOTIC ALLIANCE,95,37960,0.25026343519494204,2016
EC108,UDM,72,37960,0.18967334035827185,2016
EC108,VRYHEIDSFRONT PLUS,247,37960,0.6506849315068494,2016
EC109,ANC,6134,11890,51.58957106812447,2016
EC109,DA,5281,11890,44.41547518923465,2016
EC109,EFF,308,11890,2.590412111017662,2016
EC109,KOUKAMMA INDEPENDENT PARTY,167,11890,1.4045416316232129,2016
EC121,AFRICAN PEOPLE'S CONVENTION,496,66514,0.7457076705655952,2016
EC121,ANC,50370,66514,75.72841807739724,2016
EC121,CONGRESS  OF THE PEOPLE,751,66514,1.1290856060378267,2016
EC121,DA,1533,66514,2.304777941486003,2016
EC121,EFF,2401,66514,3.6097663649757945,2016
EC121,PAN AFRICANIST CONGRESS OF AZANIA,466,66514,0.7006043840394504,2016
EC121,UDM,10147,66514,15.2554349460264,2016
EC121,UNITED FRONT OF THE EASTERN CAPE,350,66514,0.5262050094716901,2016
EC122,AFRICAN CHRISTIAN DEMOCRATIC PARTY,198,62971,0.31443045211287735,2016
EC122,AFRICAN INDEPENDENT CONGRESS,2699,62971,4.28609995077099,2016
EC122,ANC,46693,62971,74.15000555811405,2016
EC122,CONGRESS  OF THE PEOPLE,1429,62971,2.2692985660065745,2016
EC122,DA,2931,62971,4.654523510822442,2016
EC122,EFF,3183,62971,5.054707722602468,2016
EC122,KINGDOM GOVERNANCE MOVEMENT,60,62971,0.09528195518572041,2016
EC122,PAN AFRICANIST CONGRESS OF AZANIA,615,62971,0.9766400406536342,2016
EC122,UDM,4738,62971,7.524098394499055,2016
EC122,UNITED CONGRESS,425,62971,0.6749138492321862,2016
EC123,ANC,7604,10201,74.54171159690226,2016
EC123,DA,2026,10201,19.86079796098422,2016
EC123,EFF,523,10201,5.126948338398196,2016
EC123,PAN AFRICANIST CONGRESS OF AZANIA,48,10201,0.470542103715322,2016
EC124,ANC,21833,27534,79.29469020120578,2016
EC124,CONGRESS  OF THE PEOPLE,365,27534,1.3256337618943852,2016
EC124,DA,2462,27534,8.941672114476647,2016
EC124,EFF,2326,27534,8.44773734292148,2016
EC124,PAN AFRICANIST CONGRESS OF AZANIA,68,27534,0.24696738577758406,2016
EC124,PAN AFRICANIST MOVEMENT,75,27534,0.2723904990193942,2016
EC124,PEOPLES ALLIANCE,42,27534,0.15253867945086075,2016
EC124,UDM,186,27534,0.6755284375680977,2016
EC124,UNITED RESIDENTS FRONT,177,27534,0.6428415776857703,2016
EC126,ANC,19199,21786,88.12540163407694,2016
EC126,DA,638,21786,2.9284861837877534,2016
EC126,EFF,1830,21786,8.399889837510328,2016
EC126,PAN AFRICANIST CONGRESS OF AZANIA,119,21786,0.5462223446249885,2016
EC129,AFRICAN CHRISTIAN DEMOCRATIC PARTY,164,44191,0.3711162906474169,2016
EC129,AFRICAN PEOPLE'S CONVENTION,322,44191,0.7286551560272454,2016
EC129,ANC,35725,44191,80.84225294743274,2016
EC129,DA,4517,44191,10.221538322282818,2016
EC129,EFF,2711,44191,6.134733316738703,2016
EC129,PAN AFRICANIST CONGRESS OF AZANIA,298,44191,0.6743454549568917,2016
EC129,UDM,454,44191,1.0273585119141906,2016
EC131,ANC,10106,17304,58.40268146093389,2016
EC131,DA,6728,17304,38.881183541377716,2016
EC131,EFF,470,17304,2.7161349976883957,2016
EC135,AFRICAN PEOPLE'S CONVENTION,418,44196,0.9457869490451625,2016
EC135,ANC,36163,44196,81.8241469816273,2016
EC135,CONGRESS  OF THE PEOPLE,338,44196,0.7647750927685764,2016
EC135,DA,1027,44196,2.323739704950674,2016
EC135,EFF,2890,44196,6.539053307991673,2016
EC135,INKATHA FREEDOM PARTY,91,44196,0.20590098651461672,2016
EC135,PAN AFRICANIST CONGRESS OF AZANIA,597,44196,1.350800977464024,2016
EC135,PAN AFRICANIST MOVEMENT,341,44196,0.7715630373789483,2016
EC135,UDM,2331,44196,5.274232962259028,2016
EC136,AFRICAN PEOPLE'S CONVENTION,282,35831,0.7870279925204432,2016
EC136,ANC,29449,35831,82.1886076302643,2016
EC136,CONGRESS  OF THE PEOPLE,122,35831,0.3404872875443052,2016
EC136,DA,4019,35831,11.216544333119366,2016
EC136,EFF,983,35831,2.7434344561971478,2016
EC136,PAN AFRICANIST MOVEMENT,243,35831,0.6781836956825096,2016
EC136,UDM,733,35831,2.0457146046719323,2016
EC137,AFRICAN INDEPENDENT CONGRESS,476,36613,1.3000846693797286,2016
EC137,AFRICAN PEOPLE'S CONVENTION,268,36613,0.731980444104553,2016
EC137,ANC,30492,36613,83.28189440908967,2016
EC137,DA,646,36613,1.7644006227296316,2016
EC137,EFF,1545,36613,4.2198126348564715,2016
EC137,PAN AFRICANIST CONGRESS OF AZANIA,222,36613,0.6063420096686969,2016
EC137,PAN AFRICANIST MOVEMENT,160,36613,0.43700325021167347,2016
EC137,UDM,2254,36613,6.15628328735695,2016
EC137,UNITED FRONT OF THE EASTERN CAPE,550,36613,1.5021986726026275,2016
EC138,AFRICAN PEOPLE'S CONVENTION,153,16236,0.9423503325942351,2016
EC138,ANC,13287,16236,81.83665927568367,2016
EC138,CONGRESS  OF THE PEOPLE,257,16236,1.5829021926582902,2016
EC138,DA,1152,16236,7.095343680709535,2016
EC138,EFF,750,16236,4.619364375461936,2016
EC138,PAN AFRICANIST CONGRESS OF AZANIA,125,16236,0.7698940625769894,2016
EC138,PAN AFRICANIST MOVEMENT,63,16236,0.38802660753880264,2016
EC138,UDM,449,16236,2.765459472776546,2016
EC139,ANC,47997,65450,73.33384262796028,2016
EC139,CONGRESS  OF THE PEOPLE,840,65450,1.2834224598930482,2016
EC139,DA,8710,65450,13.307868601986248,2016
EC139,EFF,5142,65450,7.856378915202445,2016
EC139,INDEPENDENT RATEPAYERS ASSOCIATION OF SA,218,65450,0.3330786860198625,2016
EC139,PAN AFRICANIST CONGRESS OF AZANIA,336,65450,0.5133689839572193,2016
EC139,UDM,954,65450,1.4576012223071046,2016
EC139,UNITED FRONT OF THE EASTERN CAPE,1111,65450,1.6974789915966386,2016
EC139,VRYHEIDSFRONT PLUS,142,65450,0.21695951107715813,2016
EC141,AFRICAN INDEPENDENT CONGRESS,1196,33744,3.5443338074917023,2016
EC141,AFRICAN PEOPLE'S CONVENTION,201,33744,0.5956614509246089,2016
EC141,ANC,28375,33744,84.08902323376007,2016
EC141,DA,1767,33744,5.236486486486487,2016
EC141,EFF,1393,33744,4.12814129919393,2016
EC141,PAN AFRICANIST CONGRESS OF AZANIA,93,33744,0.2756045519203414,2016
EC141,UDM,719,33744,2.1307491702228543,2016
EC142,ANC,25019,36610,68.33925157060912,2016
EC142,DA,1519,36610,4.149139579349904,2016
EC142,EFF,1128,36610,3.0811253755804424,2016
EC142,STERKSPRUIT CIVIC ASSOCIATION,8518,36610,23.266866976236003,2016
EC142,STERKSPRUIT DEVELOPMENT FORUM,155,36610,0.42338158972958206,2016
EC142,UDM,271,36610,0.7402349084949468,2016
EC145,ANC,13805,20638,66.89117162515748,2016
EC145,DA,4630,20638,22.434344413218334,2016
EC145,EFF,1173,20638,5.683690280065898,2016
EC145,MALETSWAI CIVIC ASSOCIATION,1030,20638,4.990793681558291,2016
EC153,AFRICAN CHRISTIAN DEMOCRATIC PARTY,137,69271,0.19777396024310318,2016
EC153,AFRICAN INDEPENDENT CONGRESS,2046,69271,2.95361695370357,2016
EC153,AFRICAN PEOPLE'S CONVENTION,438,69271,0.6322992305582422,2016
EC153,AFRICAN PEOPLE'S SOCIALIST PARTY,151,69271,0.21798443793217942,2016
EC153,ANC,57800,69271,83.44040074490046,2016
EC153,CONGRESS  OF THE PEOPLE,483,69271,0.6972614802731302,2016
EC153,DA,2345,69271,3.3852550129202696,2016
EC153,EFF,4073,69271,5.879805401971965,2016
EC153,PAN AFRICANIST CONGRESS OF AZANIA,208,69271,0.3002699542377041,2016
EC153,UDM,1590,69271,2.295332823259373,2016
EC154,AFRICAN CHRISTIAN DEMOCRATIC PARTY,83,41476,0.20011572957855145,2016
EC154,ANC,33042,41476,79.66534863535539,2016
EC154,CIVIC INDEPENDENT,2588,41476,6.2397531102324235,2016
EC154,CONGRESS  OF THE PEOPLE,241,41476,0.5810589256437457,2016
EC154,DA,2340,41476,5.641816954383258,2016
EC154,EFF,1184,41476,2.854662937602469,2016
EC154,PAN AFRICANIST CONGRESS OF AZANIA,121,41476,0.29173497926511716,2016
EC154,UDM,1877,41476,4.525508727939049,2016
EC155,ANC,56583,66705,84.8257252080054,2016
EC155,DA,2767,66705,4.1481148339704665,2016
EC155,EFF,2745,66705,4.115133798066112,2016
EC155,PAN AFRICANIST CONGRESS OF AZANIA,322,66705,0.48272243460010494,2016
EC155,UDM,3911,66705,5.863128700996927,2016
EC155,UNITED PARTY,377,66705,0.5651750243609924,2016
EC156,ANC,39974,50251,79.54866569819507,2016
EC156,CIVIC INDEPENDENT,3615,50251,7.193886688822113,2016
EC156,CONGRESS  OF THE PEOPLE,313,50251,0.622873176653201,2016
EC156,DA,1622,50251,3.227796461761955,2016
EC156,EFF,1572,50251,3.128295954309367,2016
EC156,UDM,3155,50251,6.278482020258303,2016
EC157,ANC,59144,93415,63.31317240271905,2016
EC157,CIVIC ALLIANCE OF SOUTH AFRICA,310,93415,0.3318524862174169,2016
EC157,DA,4165,93415,4.45859872611465,2016
EC157,EFF,4159,93415,4.452175774768506,2016
EC157,MTHATHA RATEPAYERS AND RESIDENTS ASSOCIATION,4143,93415,4.435047904512123,2016
EC157,PAN AFRICANIST CONGRESS OF AZANIA,504,93415,0.5395279130760584,2016
EC157,SOUTH AFRICAN SECURITY ORGANISATION,419,93415,0.4485361023390248,2016
EC157,UDM,20571,93415,22.021088690253173,2016
EC441,AFRICAN INDEPENDENT CONGRESS,3918,55997,6.996803400182152,2016
EC441,AFRICAN PEOPLE'S CONVENTION,382,55997,0.6821794024679894,2016
EC441,ANC,41684,55997,74.43970212689966,2016
EC441,DA,4522,55997,8.075432612461382,2016
EC441,EFF,3810,55997,6.8039359251388465,2016
EC441,HIS LORDSHIP TO SAVE AND LEAD PARTY,145,55997,0.2589424433451792,2016
EC441,UDM,1536,55997,2.7430040895047947,2016
EC442,AFRICAN INDEPENDENT CONGRESS,2322,54434,4.26571628026601,2016
EC442,ANC,41767,54434,76.72961751846273,2016
EC442,DA,3666,54434,6.7347613623838045,2016
EC442,EFF,2600,54434,4.776426498144542,2016
EC442,UDM,4079,54434,7.493478340742918,2016
EC443,ABANTU DEMOCRATIC REVOLUTION,220,72606,0.303005261273173,2016
EC443,ACADEMIC CONGRESS UNION,2845,72606,3.9184089469189876,2016
EC443,AFRICAN INDEPENDENT CONGRESS,1748,72606,2.407514530479575,2016
EC443,AFRICAN PEOPLE'S CONVENTION,969,72606,1.3346004462441121,2016
EC443,ANC,58315,72606,80.3170536870231,2016
EC443,DA,2534,72606,3.490069691210093,2016
EC443,EFF,4639,72606,6.389279122937499,2016
EC443,PAN AFRICANIST CONGRESS OF AZANIA,218,72606,0.30025066798887146,2016
EC443,UDM,1118,72606,1.5398176459245791,2016
EC444,ABANTU DEMOCRATIC REVOLUTION,141,33430,0.42177684714328445,2016
EC444,AFRICAN INDEPENDENT CONGRESS,1347,33430,4.0293149865390365,2016
EC444,ANC,28038,33430,83.87077475321567,2016
EC444,DA,1735,33430,5.18994914747233,2016
EC444,EFF,1778,33430,5.318576129225247,2016
EC444,UDM,391,33430,1.169608136404427,2016
NMA,AFRICAN CHRISTIAN DEMOCRATIC PARTY,1313,380489,0.34508224942113963,2016
NMA,AFRICAN INDEPENDENT CONGRESS,6144,380489,1.614764158753604,2016
NMA,AFRICAN PEOPLE'S CONVENTION,591,380489,0.15532643519260741,2016
NMA,AFRICAN POWER MOVEMENT,96,380489,0.02523068998052506,2016
NMA,ALTERNATIVE DEMOCRATS,942,380489,0.24757614543390216,2016
NMA,ANC,157920,380489,41.504485017963724,2016
NMA,AZANIAN PEOPLE'S ORGANISATION,358,380489,0.09408944805237471,2016
NMA,BUILDING A COHESIVE SOCIETY,111,380489,0.029172985289982103,2016
NMA,CHRISTIAN DEMOCRATIC PARTY,133,380489,0.034955018410519095,2016
NMA,CONGRESS  OF THE PEOPLE,2658,380489,0.6985747288357876,2016
NMA,DA,177551,380489,46.663898299293805,2016
NMA,EFF,19132,380489,5.028266257368807,2016
NMA,INDEPENDENT CIVIC ORGANISATION OF SOUTH AFRICA,467,380489,0.12273679396776253,2016
NMA,PAN AFRICANIST CONGRESS OF AZANIA,862,380489,0.22655057045013127,2016
NMA,PATRIOTIC ALLIANCE,1110,380489,0.291729852899821,2016
NMA,UBUNTU PARTY,143,380489,0.037583215283490456,2016
NMA,UDM,6969,380489,1.8315904007737411,2016
NMA,UNITED FRONT OF THE EASTERN CAPE,3048,380489,0.8010744068816706,2016
NMA,VRYHEIDSFRONT PLUS,941,380489,0.24731332574660503,2016
BUF,ABANTU BATHO CONGRESS,89,180265,0.04937175824480626,2021
BUF,AFRICA RESTORATION ALLIANCE,80,180265,0.04437910853465731,2021
BUF,AFRICAN CHRISTIAN DEMOCRATIC PARTY,1020,180265,0.5658336338168807,2021
BUF,AFRICAN INDEPENDENT CONGRESS,1756,180265,0.974121432335728,2021
BUF,AFRICAN MULTICULTURAL ECONOMIC CONGRESS,477,180265,0.2646104346378942,2021
BUF,AFRICAN PEOPLE'S CONVENTION,208,180265,0.115385682190109,2021
BUF,AL JAMA-AH,100,180265,0.055473885668321635,2021
BUF,ANC,109080,180265,60.510914487005245,2021
BUF,ARUSHA ECONOMIC COALITION,43,180265,0.023853770837378305,2021
BUF,ATM,1603,180265,0.8892463872631958,2021
BUF,BATHO PELE MOVEMENT,182,180265,0.10096247191634539,2021
BUF,CIVIC INDEPENDENT,73,180265,0.040495936537874797,2021
BUF,CONGRESS  OF THE PEOPLE,487,180265,0.27015782320472637,2021
BUF,DA,35139,180265,19.492968684991542,2021
BUF,EFF,22301,180265,12.371231242892408,2021
BUF,GOD SAVE AFRICA,108,180265,0.05991179652178737,2021
BUF,GOOD,331,180265,0.18361856156214462,2021
BUF,INDEPENDENT SOUTH AFRICAN NATIONAL CIVIC ORGANISATION,608,180265,0.33728122486339557,2021
BUF,NATIONAL FREEDOM PARTY,285,180265,0.15810057415471668,2021
BUF,PAN AFRICANIST CONGRESS OF AZANIA,1884,180265,1.0451280059911796,2021
BUF,PATRIOTIC ALLIANCE,764,180265,0.4238204865059773,2021
BUF,PROGRESSIVE COMMUNITY MOVEMENT,229,180265,0.12703519818045655,2021
BUF,THE ORGANIC HUMANITY MOVEMENT,80,180265,0.04437910853465731,2021
BUF,UDM,1990,180265,1.1039303247996006,2021
BUF,UNITED INDEPENDENT MOVEMENT,414,180265,0.22966188666685158,2021
BUF,VRYHEIDSFRONT PLUS,934,180265,0.5181260921421241,2021
EC101,ANC,8595,18433,46.628329626213855,2021
EC101,ATM,27,18433,0.14647642814517442,2021
EC101,COMPATRIOTS OF SOUTH AFRICA,675,18433,3.6619107036293603,2021
EC101,DA,7330,18433,39.765637714967724,2021
EC101,EFF,760,18433,4.123040199641946,2021
EC101,PATRIOTIC ALLIANCE,280,18433,1.5190148103944014,2021
EC101,SERVICE DELIVERY MOVEMENT,220,18433,1.1935116367384582,2021
EC101,VRYHEIDSFRONT PLUS,546,18433,2.9620788802690825,2021
EC102,ANC,5260,9310,56.4983888292159,2021
EC102,ATM,25,9310,0.26852846401718583,2021
EC102,DA,3450,9310,37.056928034371644,2021
EC102,EFF,575,9310,6.176154672395274,2021
EC104,ANC,9333,18011,51.818333240797294,2021
EC104,ATM,149,18011,0.8272722225306757,2021
EC104,AZANIAN PEOPLE'S ORGANISATION,172,18011,0.9549719615790351,2021
EC104,DA,3182,18011,17.66698128921215,2021
EC104,EFF,1050,18011,5.82977069568597,2021
EC104,MAKANA CITIZENS FRONT,3396,18011,18.855144078618622,2021
EC104,MAKANA INDEPENDENT NEW DEAL,371,18011,2.059852312475709,2021
EC104,PATRIOTIC ALLIANCE,222,18011,1.2325800899450337,2021
EC104,VRYHEIDSFRONT PLUS,136,18011,0.7550941091555161,2021
EC105,AFRICAN CHRISTIAN DEMOCRATIC PARTY,378,18163,2.0811539943841875,2021
EC105,ANC,9545,18163,52.551891207399656,2021
EC105,ATM,51,18163,0.28079061828993007,2021
EC105,DA,5501,18163,30.286846886527556,2021
EC105,EFF,2688,18163,14.799317293398667,2021
EC106,ANC,7258,11371,63.8290387828687,2021
EC106,ATM,85,11371,0.7475156098847947,2021
EC106,COMPATRIOTS OF SOUTH AFRICA,64,11371,0.5628352827367865,2021
EC106,DA,2471,11371,21.73071849441562,2021
EC106,EFF,647,11371,5.689912936417202,2021
EC106,GOOD,582,11371,5.118283352387653,2021
EC106,VRYHEIDSFRONT PLUS,264,11371,2.3216955412892446,2021
EC108,ANC,12779,34022,37.56098994768091,2021
EC108,ATM,36,34022,0.10581388513314914,2021
EC108,COMPATRIOTS OF SOUTH AFRICA,64,34022,0.1881135735700429,2021
EC108,DA,18333,34022,53.8857210040562,2021
EC108,EFF,641,34022,1.884075010287461,2021
EC108,GOOD,134,34022,0.39386279466227736,2021
EC108,PATRIOTIC ALLIANCE,679,34022,1.995767444594674,2021
EC108,THE ORGANIC HUMANITY MOVEMENT,28,34022,0.08229968843689378,2021
EC108,UDM,277,34022,0.814179060607842,2021
EC108,VRYHEIDSFRONT PLUS,1051,34022,3.0891775909705483,2021
EC109,ANC,4957,10256,48.332683307332296,2021
EC109,ATM,89,10256,0.8677847113884556,2021
EC109,COMPATRIOTS OF SOUTH AFRICA,113,10256,1.1017940717628705,2021
EC109,DA,3032,10256,29.56318252730109,2021
EC109,EFF,293,10256,2.8568642745709827,2021
EC109,GOOD,309,10256,3.0128705148205928,2021
EC109,PATRIOTIC ALLIANCE,1150,10256,11.212948517940717,2021
EC109,VRYHEIDSFRONT PLUS,313,10256,3.0518720748829953,2021
EC121,AFRICAN DEMOCRATS,410,54517,0.7520589907735202,2021
EC121,AFRICAN PEOPLE'S CONVENTION,191,54517,0.35034943228717647,2021
EC121,AL JAMA-AH,88,54517,0.161417539483097,2021
EC121,ALLIANCE FOR TRANSFORMATION FOR ALL,614,54517,1.1262541959388814,2021
EC121,ANC,39028,54517,71.58867876075352,2021
EC121,ATM,1186,54517,2.175468202579012,2021
EC121,BATHO PELE MOVEMENT,596,54517,1.0932369719537025,2021
EC121,CONGRESS  OF THE PEOPLE,322,54517,0.5906414512904232,2021
EC121,DA,771,54517,1.4142377606984977,2021
EC121,EFF,3386,54517,6.210906689656437,2021
EC121,PAN AFRICANIST CONGRESS OF AZANIA,415,54517,0.7612304418805144,2021
EC121,POWER OF AFRICANS UNITY,142,54517,0.26046921143863383,2021
EC121,UDM,7368,54517,13.515050351266577,2021
EC122,AFRICAN CHRISTIAN DEMOCRATIC PARTY,109,50239,0.2169629172555186,2021
EC122,AFRICAN DEMOCRATS,124,50239,0.24682019944664504,2021
EC122,AFRICAN INDEPENDENT CONGRESS,914,50239,1.819303728179303,2021
EC122,AFRICAN MULTICULTURAL ECONOMIC CONGRESS,114,50239,0.22691534465256075,2021
EC122,AFRICAN PEOPLE'S CONVENTION,206,50239,0.4100400087581361,2021
EC122,ANC,35458,50239,70.57863412886402,2021
EC122,ATM,1153,50239,2.2950297577579173,2021
EC122,BATHO PELE MOVEMENT,803,50239,1.5983598399649674,2021
EC122,CONGRESS  OF THE PEOPLE,1083,50239,2.155695774199327,2021
EC122,DA,978,50239,1.9466947988614423,2021
EC122,EFF,3845,50239,7.653416668325405,2021
EC122,GOD SAVE AFRICA,114,50239,0.22691534465256075,2021
EC122,INDEPENDENT SOUTH AFRICAN NATIONAL CIVIC ORGANISATION,100,50239,0.19904854794084278,2021
EC122,PAN AFRICANIST CONGRESS OF AZANIA,1423,50239,2.8324608371981927,2021
EC122,UDM,3815,50239,7.593702103943151,2021
EC123,ANC,6518,9677,67.35558540870105,2021
EC123,ATM,60,9677,0.6200268678309393,2021
EC123,DA,1807,9677,18.673142502841788,2021
EC123,EFF,1031,9677,10.654128345561642,2021
EC123,GOOD,170,9677,1.7567427921876615,2021
EC123,UDM,91,9677,0.9403740828769247,2021
EC124,AFRICAN INDEPENDENT CONGRESS,351,22680,1.5476190476190477,2021
EC124,AFRICAN PEOPLE'S CONVENTION,305,22680,1.3447971781305115,2021
EC124,ANC,17236,22680,75.99647266313933,2021
EC124,ATM,236,22680,1.0405643738977073,2021
EC124,CONGRESS  OF THE PEOPLE,65,22680,0.2865961199294533,2021
EC124,DA,2264,22680,9.982363315696649,2021
EC124,EFF,1660,22680,7.319223985890653,2021
EC124,INDEPENDENT SOUTH AFRICAN NATIONAL CIVIC ORGANISATION,301,22680,1.3271604938271604,2021
EC124,INKATHA FREEDOM PARTY,81,22680,0.35714285714285715,2021
EC124,NATIONAL FREEDOM PARTY,34,22680,0.14991181657848324,2021
EC124,PAN AFRICANIST CONGRESS OF AZANIA,90,22680,0.3968253968253968,2021
EC124,UNITED INDEPENDENT MOVEMENT,57,22680,0.25132275132275134,2021
EC126,ANC,14561,17913,81.28733322168257,2021
EC126,ATM,355,17913,1.9818009267012784,2021
EC126,DA,517,17913,2.8861720538156646,2021
EC126,EFF,2245,17913,12.53279740970245,2021
EC126,INDEPENDENT SOUTH AFRICAN NATIONAL CIVIC ORGANISATION,235,17913,1.3118963880980294,2021
EC129,AFRICAN INDEPENDENT CONGRESS,998,35710,2.794735368244189,2021
EC129,ANC,26940,35710,75.44105292635116,2021
EC129,ATM,632,35710,1.7698123774852983,2021
EC129,CONGRESS  OF THE PEOPLE,226,35710,0.6328759451134136,2021
EC129,DA,2553,35710,7.149257910949314,2021
EC129,EFF,2806,35710,7.857742929151498,2021
EC129,PAN AFRICANIST CONGRESS OF AZANIA,746,35710,2.08905068608233,2021
EC129,PATRIOTIC ALLIANCE,650,35710,1.8202184262111454,2021
EC129,VRYHEIDSFRONT PLUS,159,35710,0.4452534304116494,2021
EC131,ANC,7665,14291,53.635154992652716,2021
EC131,ATM,40,14291,0.2798964383178224,2021
EC131,DA,5645,14291,39.50038485760269,2021
EC131,EFF,398,14291,2.784969561262333,2021
EC131,PATRIOTIC ALLIANCE,387,14291,2.7079980407249318,2021
EC131,VRYHEIDSFRONT PLUS,156,14291,1.0915961094395075,2021
EC135,ANC,28280,34844,81.16174951211113,2021
EC135,ATM,489,34844,1.4033980025255424,2021
EC135,DA,675,34844,1.937205831707037,2021
EC135,EFF,3249,34844,9.324417403283205,2021
EC135,INKATHA FREEDOM PARTY,192,34844,0.5510274365744461,2021
EC135,PAN AFRICANIST CONGRESS OF AZANIA,767,34844,2.2012398117322927,2021
EC135,UDM,1192,34844,3.4209620020663527,2021
EC136,AFRICAN PEOPLE'S CONVENTION,179,30577,0.585407332308598,2021
EC136,ANC,24926,30577,81.51878863197828,2021
EC136,ATM,422,30577,1.3801223141577001,2021
EC136,DA,1946,30577,6.364260718840959,2021
EC136,EFF,1634,30577,5.343885927331001,2021
EC136,INDEPENDENT SOUTH AFRICAN NATIONAL CIVIC ORGANISATION,703,30577,2.299113712921477,2021
EC136,UDM,767,30577,2.508421362461981,2021
EC137,AFRICAN CHRISTIAN DEMOCRATIC PARTY,147,32221,0.4562242016076472,2021
EC137,AFRICAN PEOPLE'S MOVEMENT,62,32221,0.19242109183451786,2021
EC137,ANC,26445,32221,82.07380279941653,2021
EC137,ATM,981,32221,3.0445982433816456,2021
EC137,DA,436,32221,1.3531547748362869,2021
EC137,EFF,1804,32221,5.5988330591850035,2021
EC137,GOD SAVE AFRICA,130,32221,0.4034635796530213,2021
EC137,INDEPENDENT SOUTH AFRICAN NATIONAL CIVIC ORGANISATION,240,32221,0.744855839359424,2021
EC137,NATIONAL FREEDOM PARTY,69,32221,0.2141460538158344,2021
EC137,PAN AFRICANIST CONGRESS OF AZANIA,272,32221,0.8441699512740138,2021
EC137,UDM,1635,32221,5.074330405636076,2021
EC138,ANC,10299,14095,73.06846399432423,2021
EC138,ATM,484,14095,3.4338417878680385,2021
EC138,DA,1238,14095,8.783256473926924,2021
EC138,EFF,1034,14095,7.335934728627173,2021
EC138,KHOWA RESIDENTS ASSOCIATION,269,14095,1.908478183753104,2021
EC138,PAN AFRICANIST CONGRESS OF AZANIA,313,14095,2.2206456190138346,2021
EC138,UDM,458,14095,3.2493792124866974,2021
EC139,AFRICAN MULTICULTURAL ECONOMIC CONGRESS,104,54341,0.1913840378351521,2021
EC139,ANC,34676,54341,63.81185476895898,2021
EC139,ATM,549,54341,1.0102868920336394,2021
EC139,CONGRESS  OF THE PEOPLE,251,54341,0.46189801439060746,2021
EC139,DA,5700,54341,10.489317458272758,2021
EC139,EFF,4565,54341,8.400655122283359,2021
EC139,INDEPENDENT SOUTH AFRICAN NATIONAL CIVIC ORGANISATION,2323,54341,4.274856922029407,2021
EC139,PAN AFRICANIST CONGRESS OF AZANIA,386,54341,0.7103292173496991,2021
EC139,PATRIOTIC ALLIANCE,560,54341,1.0305294344969729,2021
EC139,PROGRESSIVE FRONT OF SOUTH AFRICA,140,54341,0.2576323586242432,2021
EC139,THE INDEPENDENTS,4196,54341,7.721609834195175,2021
EC139,UDM,738,54341,1.3580905761763677,2021
EC139,VRYHEIDSFRONT PLUS,153,54341,0.28155536335363723,2021
EC141,AFRICAN INDEPENDENT CONGRESS,706,28218,2.501949110496846,2021
EC141,ANC,22590,28218,80.05528386136508,2021
EC141,ATM,593,28218,2.101495499326671,2021
EC141,DA,951,28218,3.3701892409100576,2021
EC141,EFF,2135,28218,7.566092565029414,2021
EC141,SOUTH AFRICAN ROYAL KINGDOMS ORGANIZATION,432,28218,1.5309376993408463,2021
EC141,UDM,811,28218,2.8740520235310796,2021
EC142,AFRICAN PEOPLE'S CONVENTION,182,27312,0.666373755125952,2021
EC142,ANC,20272,27312,74.22378441710603,2021
EC142,ARUSHA ECONOMIC COALITION,140,27312,0.5125951962507322,2021
EC142,ATM,247,27312,0.9043643819566491,2021
EC142,DA,941,27312,3.4453719976567077,2021
EC142,EFF,3125,27312,11.44185705916813,2021
EC142,PAN AFRICANIST CONGRESS OF AZANIA,536,27312,1.962507322788518,2021
EC142,STERKSPRUIT CIVIC ASSOCIATION,1221,27312,4.470562390158173,2021
EC142,UDM,363,27312,1.32908611599297,2021
EC142,VRYHEIDSFRONT PLUS,285,27312,1.0434973637961336,2021
EC145,ANC,9367,16813,55.71284125379171,2021
EC145,ATM,267,16813,1.5880568607625052,2021
EC145,DA,3842,16813,22.851365015166834,2021
EC145,EFF,2100,16813,12.490334859929817,2021
EC145,MALETSWAI CIVIC ASSOCIATION,1237,16813,7.357402010349134,2021
EC153,AFRICAN CHRISTIAN DEMOCRATIC PARTY,185,58718,0.31506522701726897,2021
EC153,AFRICAN INDEPENDENT CONGRESS,972,58718,1.655369733301543,2021
EC153,AFRICAN PEOPLE'S CONVENTION,411,58718,0.6999557205626895,2021
EC153,ANC,44529,58718,75.83534861541605,2021
EC153,ATM,1369,58718,2.3314826799277903,2021
EC153,CIVIC INDEPENDENT,2068,58718,3.521918321468715,2021
EC153,CONGRESS  OF THE PEOPLE,392,58718,0.6675976702203753,2021
EC153,DA,1513,58718,2.576722640416908,2021
EC153,EFF,5530,58718,9.417895704894581,2021
EC153,INKATHA FREEDOM PARTY,321,58718,0.5466807452569911,2021
EC153,PAN AFRICANIST CONGRESS OF AZANIA,244,58718,0.41554548860656015,2021
EC153,UDM,1184,58718,2.0164174529105217,2021
EC154,AFRICAN DEMOCRATS,444,37541,1.1827069071148877,2021
EC154,ANC,29469,37541,78.49817532830772,2021
EC154,ATM,1567,37541,4.174102980741057,2021
EC154,BATHO PELE MOVEMENT,81,37541,0.2157640979196079,2021
EC154,CIVIC INDEPENDENT,864,37541,2.301483711142484,2021
EC154,DA,1265,37541,3.3696491835593085,2021
EC154,EFF,2840,37541,7.565062198662796,2021
EC154,INDEPENDENT SOUTH AFRICAN NATIONAL CIVIC ORGANISATION,152,37541,0.40489065288617776,2021
EC154,UDM,859,37541,2.288164939665965,2021
EC155,ANC,44398,55749,79.63909666541105,2021
EC155,ATM,4226,55749,7.580405029686631,2021
EC155,BATHO PELE MOVEMENT,154,55749,0.276238138800696,2021
EC155,CIVIC INDEPENDENT,613,55749,1.0995712927586145,2021
EC155,CONGRESS  OF THE PEOPLE,111,55749,0.1991067104342679,2021
EC155,DA,832,55749,1.492403451182981,2021
EC155,EFF,2852,55749,5.115786830257045,2021
EC155,INDEPENDENT SOUTH AFRICAN NATIONAL CIVIC ORGANISATION,257,55749,0.4609948160505121,2021
EC155,PAN AFRICANIST CONGRESS OF AZANIA,396,55749,0.710326642630361,2021
EC155,UDM,1910,55749,3.426070422787853,2021
EC156,ANC,32001,41164,77.74025847828199,2021
EC156,ATM,1810,41164,4.3970459624914975,2021
EC156,BATHO PELE MOVEMENT,98,41164,0.23807210183655622,2021
EC156,CIVIC INDEPENDENT,153,41164,0.3716839957244194,2021
EC156,DA,609,41164,1.479448061412885,2021
EC156,EFF,2491,41164,6.051404139539403,2021
EC156,INDEPENDENT SOUTH AFRICAN NATIONAL CIVIC ORGANISATION,1253,41164,3.043921873481683,2021
EC156,UDM,2749,41164,6.678165387231561,2021
EC157,AFRICAN INDEPENDENT CONGRESS,1616,79005,2.0454401620150624,2021
EC157,ANC,50270,79005,63.62888424783242,2021
EC157,ATM,3937,79005,4.983228909562686,2021
EC157,CIVIC INDEPENDENT,938,79005,1.1872666286943865,2021
EC157,DA,1562,79005,1.9770900575912917,2021
EC157,EFF,5533,79005,7.003354218087463,2021
EC157,GOD SAVE AFRICA,148,79005,0.18732991582811215,2021
EC157,INDEPENDENT SOUTH AFRICAN NATIONAL CIVIC ORGANISATION,603,79005,0.7632428327321056,2021
EC157,MTHATHA RATEPAYERS AND RESIDENTS ASSOCIATION,811,79005,1.026517309031074,2021
EC157,PAN AFRICANIST CONGRESS OF AZANIA,500,79005,0.6328713372571356,2021
EC157,SOUTH AFRICAN SECURITY ORGANISATION,200,79005,0.25314853490285427,2021
EC157,UDM,12887,79005,16.311625846465414,2021
EC441,AFRICAN INDEPENDENT CONGRESS,1801,50633,3.556968775304643,2021
EC441,AFRICAN PEOPLE'S CONVENTION,131,50633,0.25872454723204236,2021
EC441,ANC,36982,50633,73.03932218118618,2021
EC441,ARUSHA ECONOMIC COALITION,127,50633,0.25082456105701817,2021
EC441,ATM,881,50633,1.7399719550490786,2021
EC441,BATHO PELE MOVEMENT,250,50633,0.4937491359390121,2021
EC441,DA,2640,50633,5.213990875515968,2021
EC441,EFF,5954,50633,11.759129421523513,2021
EC441,HIS LORDSHIP TO SAVE AND LEAD PARTY,60,50633,0.1184997926253629,2021
EC441,INDEPENDENT SOUTH AFRICAN NATIONAL CIVIC ORGANISATION,286,50633,0.5648490115142298,2021
EC441,INKATHA FREEDOM PARTY,244,50633,0.4818991566764758,2021
EC441,PATRIOTIC ALLIANCE,168,50633,0.33179941935101614,2021
EC441,SOCIALIST PARTY OF SOUTH AFRICA,353,50633,0.6971737799458851,2021
EC441,SOCIALIST REVOLUTIONARY WORKERS PARTY,88,50633,0.17379969585053226,2021
EC441,UDM,668,50633,1.3192976912290404,2021
EC442,AFRICAN INDEPENDENT CONGRESS,1448,49090,2.9496842534121,2021
EC442,ANC,37352,49090,76.08881645956407,2021
EC442,ATM,1370,49090,2.7907924220818905,2021
EC442,DA,2018,49090,4.110816866979018,2021
EC442,EFF,4955,49090,10.09370543898961,2021
EC442,INDEPENDENT SOUTH AFRICAN NATIONAL CIVIC ORGANISATION,188,49090,0.38297005500101855,2021
EC442,SOCIALIST PARTY OF SOUTH AFRICA,241,49090,0.49093501731513545,2021
EC442,SOCIALIST REVOLUTIONARY WORKERS PARTY,208,49090,0.42371155021389284,2021
EC442,UDM,1310,49090,2.6685679364432673,2021
EC443,ACADEMIC CONGRESS UNION,988,60872,1.6230779340254962,2021
EC443,AFRICAN INDEPENDENT CONGRESS,1166,60872,1.9154948087790775,2021
EC443,AFRICAN PEOPLE'S CONVENTION,457,60872,0.7507556840583519,2021
EC443,ANC,45302,60872,74.42173741621764,2021
EC443,ATM,4239,60872,6.963792876856354,2021
EC443,BATHO PELE MOVEMENT,229,60872,0.3761992377447759,2021
EC443,DA,1125,60872,1.8481403600998818,2021
EC443,EFF,4300,60872,7.064003154159548,2021
EC443,PAN AFRICANIST CONGRESS OF AZANIA,219,60872,0.35977132343277696,2021
EC443,SOCIALIST PARTY OF SOUTH AFRICA,1463,60872,2.4034038638454462,2021
EC443,SOCIALIST REVOLUTIONARY WORKERS PARTY,502,60872,0.8246812984623472,2021
EC443,UDM,882,60872,1.4489420423183073,2021
EC444,AFRICAN INDEPENDENT CONGRESS,499,31557,1.5812656462908388,2021
EC444,ANC,25540,31557,80.93291504262129,2021
EC444,ATM,512,31557,1.6224609436891972,2021
EC444,DA,440,31557,1.3943023734829039,2021
EC444,EFF,3710,31557,11.756504103685394,2021
EC444,GOD SAVE AFRICA,194,31557,0.6147605919447349,2021
EC444,INDEPENDENT SOUTH AFRICAN NATIONAL CIVIC ORGANISATION,71,31557,0.2249897011756504,2021
EC444,PATRIOTIC ALLIANCE,122,31557,0.38660202173844155,2021
EC444,SOCIALIST PARTY OF SOUTH AFRICA,143,31557,0.4531482713819438,2021
EC444,UDM,326,31557,1.033051303989606,2021
NMA,ABANTU BATHO CONGRESS,125,263461,0.04744535244305609,2021
NMA,ABANTU INTEGRITY MOVEMENT,2914,263461,1.1060460561525236,2021
NMA,AFRICA RESTORATION ALLIANCE,116,263461,0.04402928706715605,2021
NMA,AFRICAN CHRISTIAN DEMOCRATIC PARTY,4427,263461,1.6803246021232745,2021
NMA,AFRICAN INDEPENDENT CONGRESS,1798,263461,0.6824539495409188,2021
NMA,AL JAMA-AH,580,263461,0.22014643533578024,2021
NMA,ANC,104339,263461,39.60320502844824,2021
NMA,ATM,683,263461,0.25924140574885846,2021
NMA,AZANIAN PEOPLE'S ORGANISATION,426,263461,0.16169376112593514,2021
NMA,COMPATRIOTS OF SOUTH AFRICA,271,263461,0.1028615240965456,2021
NMA,CONGRESS  OF THE PEOPLE,587,263461,0.2228033750725914,2021
NMA,DA,105487,263461,40.03894314528526,2021
NMA,DEFENDERS OF THE PEOPLE,3640,263461,1.3816086631417932,2021
NMA,EFF,16859,263461,6.399049574699861,2021
NMA,GOD SAVE AFRICA,211,263461,0.08008775492387868,2021
NMA,GOOD,1286,263461,0.48811778593416105,2021
NMA,INDEPENDENT CIVIC MOVEMENT,160,263461,0.060730051127111793,2021
NMA,INDEPENDENT SOUTH AFRICAN NATIONAL CIVIC ORGANISATION,271,263461,0.1028615240965456,2021
NMA,MANDELA BAY COMMUNITY MOVEMENT,401,263461,0.15220469063732392,2021
NMA,NORTHERN ALLIANCE,5499,263461,2.087215944674923,2021
NMA,PAN AFRICANIST CONGRESS OF AZANIA,1347,263461,0.5112711179263724,2021
NMA,PATRIOTIC ALLIANCE,3473,263461,1.3182216722778703,2021
NMA,SPECTRUM NATIONAL PARTY,118,263461,0.044788412706244944,2021
NMA,THE ORGANIC HUMANITY MOVEMENT,113,263461,0.042890598608522706,2021
NMA,UDM,2832,263461,1.0749219049498788,2021
NMA,UNITED FRONT OF THE EASTERN CAPE,585,263461,0.22204424943350248,2021
NMA,UNITED INDEPENDENT MOVEMENT,603,263461,0.22887638018530257,2021
NMA,VRYHEIDSFRONT PLUS,4310,263461,1.635915752236574,2021
