MuniCode,Municipality,RegisteredVoters,RegisteredFemale,RegisteredMale,Registered_18_29,Registered_30_49,Registered_50_plus,ExtractDate,SourceURL
BUF,Buffalo City,,,,,,,,
EC101,Dr Beyers Naude,,,,,,,,
EC102,Blue Crane Route,,,,,,,,
EC104,Makana,,,,,,,,
EC105,Ndlambe,,,,,,,,
EC106,Sundays River Valley,,,,,,,,
EC108,Kouga,,,,,,,,
EC109,Kou-Kamma,,,,,,,,
EC121,Mbhashe,,,,,,,,
EC122,Mnquma,,,,,,,,
EC123,Great Kei,,,,,,,,
EC124,Amahlathi,,,,,,,,
EC126,Ngqushwa,,,,,,,,
EC129,Raymond Mhlaba,,,,,,,,
EC131,Inxuba Yethemba,,,,,,,,
EC135,Intsika Yethu,,,,,,,,
EC136,Emalahleni,,,,,,,,
EC137,Engcobo,,,,,,,,
EC138,Sakhisizwe,,,,,,,,
EC139,Enoch Mgijima,,,,,,,,
EC141,Elundini,,,,,,,,
EC142,Senqu,,,,,,,,
EC145,Walter Sisulu,,,,,,,,
EC153,Ngquza Hill,,,,,,,,
EC154,Port St Johns,,,,,,,,
EC155,Nyandeni,,,,,,,,
EC156,Mhlontlo,,,,,,,,
EC157,King Sabata Dalindyebo,,,,,,,,
EC441,Matatiele,,,,,,,,
EC442,Umzimvubu,,,,,,,,
EC443,Winnie Madikizela-Mandela,,,,,,,,
EC444,Ntabankulu,,,,,,,,
NMA,Nelson Mandela Bay,,,,,,,,
