MuniCode,Pop,U15,O65,Med,NoSch,Matric,Higher,Formal,Water,Elec,CurrentFeatureSource
BUF,975255,24.8,7.8,30,4.1,33.6,15.0,85.6,83.7,94.6,clean_census.csv 2022 snapshot; richer scraper file not present
EC101,101001,28.3,8.1,28,4.2,27.4,8.0,97.2,98.1,97.3,clean_census.csv 2022 snapshot; richer scraper file not present
EC102,49883,25.0,9.2,31,7.8,27.2,7.7,97.2,87.4,92.2,clean_census.csv 2022 snapshot; richer scraper file not present
EC104,97815,21.9,8.2,31,3.8,29.6,16.6,89.6,89.7,95.2,clean_census.csv 2022 snapshot; richer scraper file not present
EC105,87797,21.3,15.1,35,6.3,28.2,14.6,90.9,90.4,93.4,clean_census.csv 2022 snapshot; richer scraper file not present
EC106,53256,24.1,5.6,29,5.4,20.5,3.3,87.8,84.2,94.4,clean_census.csv 2022 snapshot; richer scraper file not present
EC108,107014,21.3,14.8,35,4.5,34.5,16.1,84.7,88.2,96.9,clean_census.csv 2022 snapshot; richer scraper file not present
EC109,36487,27.0,5.9,29,3.3,26.4,4.8,94.1,95.2,97.7,clean_census.csv 2022 snapshot; richer scraper file not present
EC121,240020,33.4,9.6,24,16.0,16.5,5.6,69.2,31.5,90.5,clean_census.csv 2022 snapshot; richer scraper file not present
EC122,232993,29.9,10.8,28,7.6,20.6,8.6,79.0,39.4,94.9,clean_census.csv 2022 snapshot; richer scraper file not present
EC123,35990,24.9,12.3,33,10.6,25.2,8.6,85.5,50.4,90.1,clean_census.csv 2022 snapshot; richer scraper file not present
EC124,115703,27.8,9.5,29,7.1,22.9,6.1,84.3,69.7,94.8,clean_census.csv 2022 snapshot; richer scraper file not present
EC126,68300,26.1,13.6,32,8.4,22.8,5.2,89.4,50.5,97.4,clean_census.csv 2022 snapshot; richer scraper file not present
EC129,178594,25.9,9.9,30,4.6,25.6,8.7,88.6,69.2,97.4,clean_census.csv 2022 snapshot; richer scraper file not present
EC131,77578,27.1,7.7,29,6.9,28.9,7.6,98.8,96.7,98.1,clean_census.csv 2022 snapshot; richer scraper file not present
EC135,128101,31.6,12.5,28,10.4,16.1,5.1,63.4,36.1,96.1,clean_census.csv 2022 snapshot; richer scraper file not present
EC136,128873,30.6,11.8,28,12.0,17.8,4.2,83.4,59.7,95.5,clean_census.csv 2022 snapshot; richer scraper file not present
EC137,132799,33.8,9.2,25,13.2,17.3,5.1,67.1,33.5,92.7,clean_census.csv 2022 snapshot; richer scraper file not present
EC138,63981,30.4,8.7,27,7.8,22.1,6.9,83.2,70.9,96.8,clean_census.csv 2022 snapshot; richer scraper file not present
EC139,297055,27.6,8.5,28,6.7,29.4,10.8,96.0,82.8,96.5,clean_census.csv 2022 snapshot; richer scraper file not present
EC141,141762,30.9,9.2,26,8.9,19.7,5.6,76.5,53.3,90.6,clean_census.csv 2022 snapshot; richer scraper file not present
EC142,147073,31.1,9.2,26,10.7,22.4,6.2,88.5,65.5,96.1,clean_census.csv 2022 snapshot; richer scraper file not present
EC145,104213,28.3,7.1,27,8.4,27.8,9.1,94.4,94.2,94.7,clean_census.csv 2022 snapshot; richer scraper file not present
EC153,354573,38.3,5.4,20,12.9,20.2,7.2,76.6,21.0,93.2,clean_census.csv 2022 snapshot; richer scraper file not present
EC154,179325,36.8,5.8,21,14.8,20.2,5.2,66.0,24.3,91.9,clean_census.csv 2022 snapshot; richer scraper file not present
EC155,304856,36.7,6.0,21,12.7,21.2,6.2,73.1,31.8,93.0,clean_census.csv 2022 snapshot; richer scraper file not present
EC156,186391,33.3,8.2,24,11.4,19.2,5.4,72.1,39.5,95.7,clean_census.csv 2022 snapshot; richer scraper file not present
EC157,476558,31.8,5.9,25,10.2,25.6,12.5,84.6,67.4,95.1,clean_census.csv 2022 snapshot; richer scraper file not present
EC441,225562,33.6,8.0,23,4.6,22.0,7.3,75.8,53.4,84.5,clean_census.csv 2022 snapshot; richer scraper file not present
EC442,214477,33.2,7.5,23,4.2,23.4,8.2,73.5,45.7,89.9,clean_census.csv 2022 snapshot; richer scraper file not present
EC443,350000,38.2,5.2,20,11.6,22.9,7.8,70.4,31.4,93.3,clean_census.csv 2022 snapshot; richer scraper file not present
EC444,146423,37.4,6.5,20,12.7,17.9,5.3,56.2,28.8,95.9,clean_census.csv 2022 snapshot; richer scraper file not present
NMA,1190496,22.3,8.8,32,2.5,37.0,12.8,92.0,93.8,96.5,clean_census.csv 2022 snapshot; richer scraper file not present
