MuniCode,Year,CensusUsed,K_Pop,K_U15,K_O65,K_Med,K_NoSch,K_Matric,K_Higher,K_Formal,K_Water,K_Elec
BUF,2000,none,,,,,,,,,,
BUF,2006,none,,,,,,,,,,
BUF,2011,none,,,,,,,,,,
BUF,2016,2011,781853.0,26.5,6.1,27.0,5.1,27.1,13.2,71.9,69.1,81.1
BUF,2021,2011,781853.0,26.5,6.1,27.0,5.1,27.1,13.2,71.9,69.1,81.1
BUF,2026,2022,975255.0,24.8,7.8,30.0,4.1,33.6,15.0,85.6,83.7,94.6
EC101,2000,none,,,,,,,,,,
EC101,2006,none,,,,,,,,,,
EC101,2011,none,,,,,,,,,,
EC101,2016,2011,79292.0,30.2,6.8,26.0,9.3,18.4,7.6,95.3,96.9,92.1
EC101,2021,2011,79292.0,30.2,6.8,26.0,9.3,18.4,7.6,95.3,96.9,92.1
EC101,2026,2022,101001.0,28.3,8.1,28.0,4.2,27.4,8.0,97.2,98.1,97.3
EC102,2000,none,,,,,,,,,,
EC102,2006,none,,,,,,,,,,
EC102,2011,none,,,,,,,,,,
EC102,2016,2011,36002.0,29.2,7.0,27.0,10.5,19.0,6.1,95.9,91.4,86.9
EC102,2021,2011,36002.0,29.2,7.0,27.0,10.5,19.0,6.1,95.9,91.4,86.9
EC102,2026,2022,49883.0,25.0,9.2,31.0,7.8,27.2,7.7,97.2,87.4,92.2
EC104,2000,none,,,,,,,,,,
EC104,2006,none,,,,,,,,,,
EC104,2011,none,,,,,,,,,,
EC104,2016,2011,80390.0,24.4,6.2,26.0,6.3,23.0,11.7,85.4,85.2,89.5
EC104,2021,2011,80390.0,24.4,6.2,26.0,6.3,23.0,11.7,85.4,85.2,89.5
EC104,2026,2022,97815.0,21.9,8.2,31.0,3.8,29.6,16.6,89.6,89.7,95.2
EC105,2000,none,,,,,,,,,,
EC105,2006,none,,,,,,,,,,
EC105,2011,none,,,,,,,,,,
EC105,2016,2011,61176.0,25.2,9.9,25.0,9.7,20.4,9.6,83.6,86.0,86.3
EC105,2021,2011,61176.0,25.2,9.9,25.0,9.7,20.4,9.6,83.6,86.0,86.3
EC105,2026,2022,87797.0,21.3,15.1,35.0,6.3,28.2,14.6,90.9,90.4,93.4
EC106,2000,none,,,,,,,,,,
EC106,2006,none,,,,,,,,,,
EC106,2011,none,,,,,,,,,,
EC106,2016,2011,54504.0,26.7,5.2,27.0,8.8,15.3,3.7,84.6,72.6,79.8
EC106,2021,2011,54504.0,26.7,5.2,27.0,8.8,15.3,3.7,84.6,72.6,79.8
EC106,2026,2022,53256.0,24.1,5.6,29.0,5.4,20.5,3.3,87.8,84.2,94.4
EC108,2000,none,,,,,,,,,,
EC108,2006,none,,,,,,,,,,
EC108,2011,none,,,,,,,,,,
EC108,2016,2011,98558.0,26.8,7.9,28.0,4.9,24.7,9.3,76.1,82.4,86.9
EC108,2021,2011,98558.0,26.8,7.9,28.0,4.9,24.7,9.3,76.1,82.4,86.9
EC108,2026,2022,107014.0,21.3,14.8,35.0,4.5,34.5,16.1,84.7,88.2,96.9
EC109,2000,none,,,,,,,,,,
EC109,2006,none,,,,,,,,,,
EC109,2011,none,,,,,,,,,,
EC109,2016,2011,40663.0,29.7,4.5,26.0,5.3,17.8,3.7,90.6,89.6,87.1
EC109,2021,2011,40663.0,29.7,4.5,26.0,5.3,17.8,3.7,90.6,89.6,87.1
EC109,2026,2022,36487.0,27.0,5.9,29.0,3.3,26.4,4.8,94.1,95.2,97.7
EC121,2000,none,,,,,,,,,,
EC121,2006,none,,,,,,,,,,
EC121,2011,none,,,,,,,,,,
EC121,2016,2011,261670.0,38.0,8.2,19.0,21.4,10.2,4.9,30.6,7.5,48.9
EC121,2021,2011,261670.0,38.0,8.2,19.0,21.4,10.2,4.9,30.6,7.5,48.9
EC121,2026,2022,240020.0,33.4,9.6,24.0,16.0,16.5,5.6,69.2,31.5,90.5
EC122,2000,none,,,,,,,,,,
EC122,2006,none,,,,,,,,,,
EC122,2011,none,,,,,,,,,,
EC122,2016,2011,245629.0,34.2,8.9,21.0,11.0,13.7,8.1,49.1,18.1,62.3
EC122,2021,2011,245629.0,34.2,8.9,21.0,11.0,13.7,8.1,49.1,18.1,62.3
EC122,2026,2022,232993.0,29.9,10.8,28.0,7.6,20.6,8.6,79.0,39.4,94.9
EC123,2000,none,,,,,,,,,,
EC123,2006,none,,,,,,,,,,
EC123,2011,none,,,,,,,,,,
EC123,2016,2011,30832.0,28.4,9.6,27.0,19.0,15.6,5.3,68.5,51.0,78.3
EC123,2021,2011,30832.0,28.4,9.6,27.0,19.0,15.6,5.3,68.5,51.0,78.3
EC123,2026,2022,35990.0,24.9,12.3,33.0,10.6,25.2,8.6,85.5,50.4,90.1
EC124,2000,none,,,,,,,,,,
EC124,2006,none,,,,,,,,,,
EC124,2011,none,,,,,,,,,,
EC124,2016,2011,101035.0,30.7,8.4,25.0,10.1,14.1,4.8,61.5,41.4,87.3
EC124,2021,2011,101035.0,30.7,8.4,25.0,10.1,14.1,4.8,61.5,41.4,87.3
EC124,2026,2022,115703.0,27.8,9.5,29.0,7.1,22.9,6.1,84.3,69.7,94.8
EC126,2000,none,,,,,,,,,,
EC126,2006,none,,,,,,,,,,
EC126,2011,none,,,,,,,,,,
EC126,2016,2011,64422.0,29.8,11.8,27.0,14.4,14.5,3.7,71.6,21.5,91.5
EC126,2021,2011,64422.0,29.8,11.8,27.0,14.4,14.5,3.7,71.6,21.5,91.5
EC126,2026,2022,68300.0,26.1,13.6,32.0,8.4,22.8,5.2,89.4,50.5,97.4
EC129,2000,none,,,,,,,,,,
EC129,2006,none,,,,,,,,,,
EC129,2011,none,,,,,,,,,,
EC129,2016,2011,151379.0,29.0,9.1,26.0,7.1,16.8,6.8,73.6,49.3,89.0
EC129,2021,2011,151379.0,29.0,9.1,26.0,7.1,16.8,6.8,73.6,49.3,89.0
EC129,2026,2022,178594.0,25.9,9.9,30.0,4.6,25.6,8.7,88.6,69.2,97.4
EC131,2000,none,,,,,,,,,,
EC131,2006,none,,,,,,,,,,
EC131,2011,none,,,,,,,,,,
EC131,2016,2011,65560.0,29.1,6.2,26.0,10.7,20.2,8.6,97.0,95.8,95.6
EC131,2021,2011,65560.0,29.1,6.2,26.0,10.7,20.2,8.6,97.0,95.8,95.6
EC131,2026,2022,77578.0,27.1,7.7,29.0,6.9,28.9,7.6,98.8,96.7,98.1
EC135,2000,none,,,,,,,,,,
EC135,2006,none,,,,,,,,,,
EC135,2011,none,,,,,,,,,,
EC135,2016,2011,150718.0,36.2,10.1,21.0,13.8,10.1,5.0,33.7,9.2,64.1
EC135,2021,2011,150718.0,36.2,10.1,21.0,13.8,10.1,5.0,33.7,9.2,64.1
EC135,2026,2022,128101.0,31.6,12.5,28.0,10.4,16.1,5.1,63.4,36.1,96.1
EC136,2000,none,,,,,,,,,,
EC136,2006,none,,,,,,,,,,
EC136,2011,none,,,,,,,,,,
EC136,2016,2011,120758.0,35.1,9.9,21.0,18.8,11.0,3.8,55.8,29.2,78.6
EC136,2021,2011,120758.0,35.1,9.9,21.0,18.8,11.0,3.8,55.8,29.2,78.6
EC136,2026,2022,128873.0,30.6,11.8,28.0,12.0,17.8,4.2,83.4,59.7,95.5
EC137,2000,none,,,,,,,,,,
EC137,2006,none,,,,,,,,,,
EC137,2011,none,,,,,,,,,,
EC137,2016,2011,155513.0,39.5,7.6,19.0,19.7,9.6,5.1,30.7,7.4,50.9
EC137,2021,2011,155513.0,39.5,7.6,19.0,19.7,9.6,5.1,30.7,7.4,50.9
EC137,2026,2022,132799.0,33.8,9.2,25.0,13.2,17.3,5.1,67.1,33.5,92.7
EC138,2000,none,,,,,,,,,,
EC138,2006,none,,,,,,,,,,
EC138,2011,none,,,,,,,,,,
EC138,2016,2011,63154.0,35.0,7.4,21.0,12.7,14.2,6.3,64.5,45.4,79.1
EC138,2021,2011,63154.0,35.0,7.4,21.0,12.7,14.2,6.3,64.5,45.4,79.1
EC138,2026,2022,63981.0,30.4,8.7,27.0,7.8,22.1,6.9,83.2,70.9,96.8
EC139,2000,none,,,,,,,,,,
EC139,2006,none,,,,,,,,,,
EC139,2011,none,,,,,,,,,,
EC139,2016,2011,250776.0,31.0,7.2,24.0,9.7,20.4,9.9,87.7,71.5,88.7
EC139,2021,2011,250776.0,31.0,7.2,24.0,9.7,20.4,9.9,87.7,71.5,88.7
EC139,2026,2022,297055.0,27.6,8.5,28.0,6.7,29.4,10.8,96.0,82.8,96.5
EC141,2000,none,,,,,,,,,,
EC141,2006,none,,,,,,,,,,
EC141,2011,none,,,,,,,,,,
EC141,2016,2011,137045.0,35.3,8.3,21.0,16.0,11.9,5.1,33.2,17.7,46.5
EC141,2021,2011,137045.0,35.3,8.3,21.0,16.0,11.9,5.1,33.2,17.7,46.5
EC141,2026,2022,141762.0,30.9,9.2,26.0,8.9,19.7,5.6,76.5,53.3,90.6
EC142,2000,none,,,,,,,,,,
EC142,2006,none,,,,,,,,,,
EC142,2011,none,,,,,,,,,,
EC142,2016,2011,134150.0,34.0,7.7,22.0,14.5,13.3,5.3,70.2,41.1,81.1
EC142,2021,2011,134150.0,34.0,7.7,22.0,14.5,13.3,5.3,70.2,41.1,81.1
EC142,2026,2022,147073.0,31.1,9.2,26.0,10.7,22.4,6.2,88.5,65.5,96.1
EC145,2000,none,,,,,,,,,,
EC145,2006,none,,,,,,,,,,
EC145,2011,none,,,,,,,,,,
EC145,2016,2011,77477.0,32.1,6.0,24.0,12.7,19.6,8.7,90.2,86.8,87.0
EC145,2021,2011,77477.0,32.1,6.0,24.0,12.7,19.6,8.7,90.2,86.8,87.0
EC145,2026,2022,104213.0,28.3,7.1,27.0,8.4,27.8,9.1,94.4,94.2,94.7
EC153,2000,none,,,,,,,,,,
EC153,2006,none,,,,,,,,,,
EC153,2011,none,,,,,,,,,,
EC153,2016,2011,278481.0,42.4,5.4,17.0,20.8,12.7,5.2,40.5,8.4,62.8
EC153,2021,2011,278481.0,42.4,5.4,17.0,20.8,12.7,5.2,40.5,8.4,62.8
EC153,2026,2022,354573.0,38.3,5.4,20.0,12.9,20.2,7.2,76.6,21.0,93.2
EC154,2000,none,,,,,,,,,,
EC154,2006,none,,,,,,,,,,
EC154,2011,none,,,,,,,,,,
EC154,2016,2011,156136.0,42.5,5.6,23.0,23.5,12.0,3.9,24.6,7.5,67.8
EC154,2021,2011,156136.0,42.5,5.6,23.0,23.5,12.0,3.9,24.6,7.5,67.8
EC154,2026,2022,179325.0,36.8,5.8,21.0,14.8,20.2,5.2,66.0,24.3,91.9
EC155,2000,none,,,,,,,,,,
EC155,2006,none,,,,,,,,,,
EC155,2011,none,,,,,,,,,,
EC155,2016,2011,290390.0,40.6,5.4,18.0,18.2,15.2,4.1,33.8,6.4,71.0
EC155,2021,2011,290390.0,40.6,5.4,18.0,18.2,15.2,4.1,33.8,6.4,71.0
EC155,2026,2022,304856.0,36.7,6.0,21.0,12.7,21.2,6.2,73.1,31.8,93.0
EC156,2000,none,,,,,,,,,,
EC156,2006,none,,,,,,,,,,
EC156,2011,none,,,,,,,,,,
EC156,2016,2011,190745.0,38.3,7.2,19.0,14.7,12.4,4.8,34.3,13.0,72.4
EC156,2021,2011,190745.0,38.3,7.2,19.0,14.7,12.4,4.8,34.3,13.0,72.4
EC156,2026,2022,186391.0,33.3,8.2,24.0,11.4,19.2,5.4,72.1,39.5,95.7
EC157,2000,none,,,,,,,,,,
EC157,2006,none,,,,,,,,,,
EC157,2011,none,,,,,,,,,,
EC157,2016,2011,450287.0,35.0,5.1,20.0,14.0,19.1,10.5,60.2,38.4,73.3
EC157,2021,2011,450287.0,35.0,5.1,20.0,14.0,19.1,10.5,60.2,38.4,73.3
EC157,2026,2022,476558.0,31.8,5.9,25.0,10.2,25.6,12.5,84.6,67.4,95.1
EC441,2000,none,,,,,,,,,,
EC441,2006,none,,,,,,,,,,
EC441,2011,none,,,,,,,,,,
EC441,2016,2011,203843.0,38.4,6.9,19.0,9.4,12.9,5.6,49.7,27.6,44.9
EC441,2021,2011,203843.0,38.4,6.9,19.0,9.4,12.9,5.6,49.7,27.6,44.9
EC441,2026,2022,225562.0,33.6,8.0,23.0,4.6,22.0,7.3,75.8,53.4,84.5
EC442,2000,none,,,,,,,,,,
EC442,2006,none,,,,,,,,,,
EC442,2011,none,,,,,,,,,,
EC442,2016,2011,191775.0,38.3,6.7,19.0,8.0,13.9,6.3,37.7,17.2,45.2
EC442,2021,2011,191775.0,38.3,6.7,19.0,8.0,13.9,6.3,37.7,17.2,45.2
EC442,2026,2022,214477.0,33.2,7.5,23.0,4.2,23.4,8.2,73.5,45.7,89.9
EC443,2000,none,,,,,,,,,,
EC443,2006,none,,,,,,,,,,
EC443,2011,none,,,,,,,,,,
EC443,2016,2011,281905.0,44.2,5.2,17.0,19.4,13.1,5.0,43.7,6.9,60.0
EC443,2021,2011,281905.0,44.2,5.2,17.0,19.4,13.1,5.0,43.7,6.9,60.0
EC443,2026,2022,350000.0,38.2,5.2,20.0,11.6,22.9,7.8,70.4,31.4,93.3
EC444,2000,none,,,,,,,,,,
EC444,2006,none,,,,,,,,,,
EC444,2011,none,,,,,,,,,,
EC444,2016,2011,123821.0,41.5,6.3,18.0,17.9,9.8,3.8,24.7,8.0,23.3
EC444,2021,2011,123821.0,41.5,6.3,18.0,17.9,9.8,3.8,24.7,8.0,23.3
EC444,2026,2022,146423.0,37.4,6.5,20.0,12.7,17.9,5.3,56.2,28.8,95.9
NMA,2000,none,,,,,,,,,,
NMA,2006,none,,,,,,,,,,
NMA,2011,none,,,,,,,,,,
NMA,2016,2011,1152115.0,25.5,6.0,28.0,3.0,30.9,11.6,87.2,90.4,90.5
NMA,2021,2011,1152115.0,25.5,6.0,28.0,3.0,30.9,11.6,87.2,90.4,90.5
NMA,2026,2022,1190496.0,22.3,8.8,32.0,2.5,37.0,12.8,92.0,93.8,96.5
