MuniCode,Year,Pop,U15,O65,Med,NoSch,Matric,Higher,Formal,Water,Elec,DemographicStatus,DemographicMethod
BUF,2000,,,,,,,,,,,Unavailable_pre2011,No municipality-level snapshot available; no back-extrapolation
BUF,2006,,,,,,,,,,,Unavailable_pre2011,No municipality-level snapshot available; no back-extrapolation
BUF,2011,781853.0,26.5,6.1,27.0,5.1,27.1,13.2,71.9,69.1,81.1,Observed,Census 2011 municipality value
BUF,2016,869763.0,25.727272727272727,6.872727272727272,28.363636363636363,4.6454545454545455,30.054545454545455,14.018181818181818,78.12727272727273,75.73636363636363,87.23636363636363,Interpolated,Linear interpolation between Census 2011 and Census 2022
BUF,2021,957673.0,24.954545454545457,7.6454545454545455,29.727272727272727,4.1909090909090905,33.00909090909091,14.836363636363636,84.35454545454544,82.37272727272727,93.37272727272726,Interpolated,Linear interpolation between Census 2011 and Census 2022
EC101,2000,,,,,,,,,,,Unavailable_pre2011,No municipality-level snapshot available; no back-extrapolation
EC101,2006,,,,,,,,,,,Unavailable_pre2011,No municipality-level snapshot available; no back-extrapolation
EC101,2011,79292.0,30.2,6.8,26.0,9.3,18.4,7.6,95.3,96.9,92.1,Observed,Census 2011 municipality value
EC101,2016,89159.72727272726,29.336363636363636,7.390909090909091,26.90909090909091,6.981818181818182,22.49090909090909,7.781818181818181,96.16363636363636,97.44545454545455,94.46363636363635,Interpolated,Linear interpolation between Census 2011 and Census 2022
EC101,2021,99027.45454545454,28.472727272727273,7.9818181818181815,27.818181818181817,4.663636363636364,26.58181818181818,7.963636363636364,97.02727272727273,97.99090909090908,96.82727272727273,Interpolated,Linear interpolation between Census 2011 and Census 2022
EC102,2000,,,,,,,,,,,Unavailable_pre2011,No municipality-level snapshot available; no back-extrapolation
EC102,2006,,,,,,,,,,,Unavailable_pre2011,No municipality-level snapshot available; no back-extrapolation
EC102,2011,36002.0,29.2,7.0,27.0,10.5,19.0,6.1,95.9,91.4,86.9,Observed,Census 2011 municipality value
EC102,2016,42311.545454545456,27.29090909090909,8.0,28.818181818181817,9.272727272727273,22.727272727272727,6.827272727272727,96.4909090909091,89.58181818181819,89.30909090909091,Interpolated,Linear interpolation between Census 2011 and Census 2022
EC102,2021,48621.09090909091,25.381818181818183,9.0,30.636363636363637,8.045454545454545,26.454545454545453,7.554545454545455,97.08181818181818,87.76363636363637,91.71818181818182,Interpolated,Linear interpolation between Census 2011 and Census 2022
EC104,2000,,,,,,,,,,,Unavailable_pre2011,No municipality-level snapshot available; no back-extrapolation
EC104,2006,,,,,,,,,,,Unavailable_pre2011,No municipality-level snapshot available; no back-extrapolation
EC104,2011,80390.0,24.4,6.2,26.0,6.3,23.0,11.7,85.4,85.2,89.5,Observed,Census 2011 municipality value
EC104,2016,88310.45454545454,23.263636363636362,7.1090909090909085,28.272727272727273,5.163636363636364,26.0,13.927272727272728,87.30909090909091,87.24545454545455,92.0909090909091,Interpolated,Linear interpolation between Census 2011 and Census 2022
EC104,2021,96230.90909090909,22.127272727272725,8.018181818181818,30.545454545454547,4.027272727272727,29.0,16.154545454545456,89.21818181818182,89.2909090909091,94.68181818181819,Interpolated,Linear interpolation between Census 2011 and Census 2022
EC105,2000,,,,,,,,,,,Unavailable_pre2011,No municipality-level snapshot available; no back-extrapolation
EC105,2006,,,,,,,,,,,Unavailable_pre2011,No municipality-level snapshot available; no back-extrapolation
EC105,2011,61176.0,25.2,9.9,25.0,9.7,20.4,9.6,83.6,86.0,86.3,Observed,Census 2011 municipality value
EC105,2016,73276.45454545454,23.427272727272726,12.263636363636364,29.545454545454547,8.154545454545454,23.945454545454545,11.872727272727271,86.91818181818182,88.0,89.52727272727273,Interpolated,Linear interpolation between Census 2011 and Census 2022
EC105,2021,85376.90909090909,21.654545454545456,14.627272727272727,34.09090909090909,6.609090909090909,27.490909090909092,14.145454545454545,90.23636363636363,90.0,92.75454545454546,Interpolated,Linear interpolation between Census 2011 and Census 2022
EC106,2000,,,,,,,,,,,Unavailable_pre2011,No municipality-level snapshot available; no back-extrapolation
EC106,2006,,,,,,,,,,,Unavailable_pre2011,No municipality-level snapshot available; no back-extrapolation
EC106,2011,54504.0,26.7,5.2,27.0,8.8,15.3,3.7,84.6,72.6,79.8,Observed,Census 2011 municipality value
EC106,2016,53936.72727272727,25.51818181818182,5.381818181818182,27.90909090909091,7.254545454545455,17.663636363636364,3.518181818181818,86.05454545454545,77.87272727272727,86.43636363636364,Interpolated,Linear interpolation between Census 2011 and Census 2022
EC106,2021,53369.454545454544,24.336363636363636,5.5636363636363635,28.818181818181817,5.709090909090909,20.027272727272727,3.3363636363636364,87.5090909090909,83.14545454545454,93.07272727272728,Interpolated,Linear interpolation between Census 2011 and Census 2022
EC108,2000,,,,,,,,,,,Unavailable_pre2011,No municipality-level snapshot available; no back-extrapolation
EC108,2006,,,,,,,,,,,Unavailable_pre2011,No municipality-level snapshot available; no back-extrapolation
EC108,2011,98558.0,26.8,7.9,28.0,4.9,24.7,9.3,76.1,82.4,86.9,Observed,Census 2011 municipality value
EC108,2016,102401.63636363637,24.3,11.036363636363637,31.18181818181818,4.718181818181819,29.154545454545456,12.390909090909092,80.0090909090909,85.03636363636365,91.44545454545455,Interpolated,Linear interpolation between Census 2011 and Census 2022
EC108,2021,106245.27272727272,21.8,14.172727272727272,34.36363636363636,4.536363636363636,33.60909090909091,15.481818181818184,83.91818181818182,87.67272727272727,95.9909090909091,Interpolated,Linear interpolation between Census 2011 and Census 2022
EC109,2000,,,,,,,,,,,Unavailable_pre2011,No municipality-level snapshot available; no back-extrapolation
EC109,2006,,,,,,,,,,,Unavailable_pre2011,No municipality-level snapshot available; no back-extrapolation
EC109,2011,40663.0,29.7,4.5,26.0,5.3,17.8,3.7,90.6,89.6,87.1,Observed,Census 2011 municipality value
EC109,2016,38764.818181818184,28.472727272727273,5.136363636363637,27.363636363636363,4.390909090909091,21.709090909090907,4.2,92.19090909090909,92.14545454545454,91.91818181818182,Interpolated,Linear interpolation between Census 2011 and Census 2022
EC109,2021,36866.63636363637,27.245454545454546,5.772727272727273,28.727272727272727,3.4818181818181815,25.618181818181817,4.7,93.78181818181818,94.69090909090909,96.73636363636363,Interpolated,Linear interpolation between Census 2011 and Census 2022
EC121,2000,,,,,,,,,,,Unavailable_pre2011,No municipality-level snapshot available; no back-extrapolation
EC121,2006,,,,,,,,,,,Unavailable_pre2011,No municipality-level snapshot available; no back-extrapolation
EC121,2011,261670.0,38.0,8.2,19.0,21.4,10.2,4.9,30.6,7.5,48.9,Observed,Census 2011 municipality value
EC121,2016,251829.0909090909,35.90909090909091,8.836363636363636,21.272727272727273,18.945454545454545,13.063636363636363,5.218181818181818,48.14545454545455,18.409090909090907,67.80909090909091,Interpolated,Linear interpolation between Census 2011 and Census 2022
EC121,2021,241988.18181818182,33.81818181818182,9.472727272727273,23.545454545454547,16.490909090909092,15.927272727272726,5.536363636363636,65.69090909090909,29.318181818181817,86.71818181818182,Interpolated,Linear interpolation between Census 2011 and Census 2022
EC122,2000,,,,,,,,,,,Unavailable_pre2011,No municipality-level snapshot available; no back-extrapolation
EC122,2006,,,,,,,,,,,Unavailable_pre2011,No municipality-level snapshot available; no back-extrapolation
EC122,2011,245629.0,34.2,8.9,21.0,11.0,13.7,8.1,49.1,18.1,62.3,Observed,Census 2011 municipality value
EC122,2016,239885.36363636365,32.24545454545455,9.763636363636364,24.18181818181818,9.454545454545455,16.836363636363636,8.327272727272726,62.69090909090909,27.78181818181818,77.11818181818182,Interpolated,Linear interpolation between Census 2011 and Census 2022
EC122,2021,234141.72727272726,30.29090909090909,10.627272727272729,27.363636363636363,7.909090909090908,19.972727272727273,8.554545454545455,76.28181818181818,37.46363636363636,91.93636363636364,Interpolated,Linear interpolation between Census 2011 and Census 2022
EC123,2000,,,,,,,,,,,Unavailable_pre2011,No municipality-level snapshot available; no back-extrapolation
EC123,2006,,,,,,,,,,,Unavailable_pre2011,No municipality-level snapshot available; no back-extrapolation
EC123,2011,30832.0,28.4,9.6,27.0,19.0,15.6,5.3,68.5,51.0,78.3,Observed,Census 2011 municipality value
EC123,2016,33176.545454545456,26.80909090909091,10.827272727272728,29.727272727272727,15.181818181818182,19.96363636363636,6.8,76.22727272727272,50.72727272727273,83.66363636363636,Interpolated,Linear interpolation between Census 2011 and Census 2022
EC123,2021,35521.09090909091,25.21818181818182,12.054545454545455,32.45454545454545,11.363636363636363,24.327272727272728,8.299999999999999,83.95454545454545,50.45454545454545,89.02727272727272,Interpolated,Linear interpolation between Census 2011 and Census 2022
EC124,2000,,,,,,,,,,,Unavailable_pre2011,No municipality-level snapshot available; no back-extrapolation
EC124,2006,,,,,,,,,,,Unavailable_pre2011,No municipality-level snapshot available; no back-extrapolation
EC124,2011,101035.0,30.7,8.4,25.0,10.1,14.1,4.8,61.5,41.4,87.3,Observed,Census 2011 municipality value
EC124,2016,107702.27272727272,29.381818181818183,8.9,26.818181818181817,8.736363636363636,18.099999999999998,5.390909090909091,71.86363636363636,54.263636363636365,90.7090909090909,Interpolated,Linear interpolation between Census 2011 and Census 2022
EC124,2021,114369.54545454546,28.063636363636363,9.4,28.636363636363637,7.372727272727273,22.099999999999998,5.9818181818181815,82.22727272727272,67.12727272727273,94.11818181818181,Interpolated,Linear interpolation between Census 2011 and Census 2022
EC126,2000,,,,,,,,,,,Unavailable_pre2011,No municipality-level snapshot available; no back-extrapolation
EC126,2006,,,,,,,,,,,Unavailable_pre2011,No municipality-level snapshot available; no back-extrapolation
EC126,2011,64422.0,29.8,11.8,27.0,14.4,14.5,3.7,71.6,21.5,91.5,Observed,Census 2011 municipality value
EC126,2016,66184.72727272728,28.11818181818182,12.618181818181819,29.272727272727273,11.672727272727274,18.272727272727273,4.381818181818182,79.69090909090909,34.68181818181818,94.18181818181819,Interpolated,Linear interpolation between Census 2011 and Census 2022
EC126,2021,67947.45454545454,26.436363636363637,13.436363636363636,31.545454545454547,8.945454545454545,22.045454545454547,5.0636363636363635,87.78181818181818,47.86363636363636,96.86363636363637,Interpolated,Linear interpolation between Census 2011 and Census 2022
EC129,2000,,,,,,,,,,,Unavailable_pre2011,No municipality-level snapshot available; no back-extrapolation
EC129,2006,,,,,,,,,,,Unavailable_pre2011,No municipality-level snapshot available; no back-extrapolation
EC129,2011,151379.0,29.0,9.1,26.0,7.1,16.8,6.8,73.6,49.3,89.0,Observed,Census 2011 municipality value
EC129,2016,163749.45454545456,27.59090909090909,9.463636363636363,27.818181818181817,5.963636363636363,20.8,7.663636363636363,80.41818181818181,58.345454545454544,92.81818181818183,Interpolated,Linear interpolation between Census 2011 and Census 2022
EC129,2021,176119.9090909091,26.18181818181818,9.827272727272728,29.636363636363637,4.827272727272727,24.8,8.527272727272727,87.23636363636363,67.39090909090909,96.63636363636364,Interpolated,Linear interpolation between Census 2011 and Census 2022
EC131,2000,,,,,,,,,,,Unavailable_pre2011,No municipality-level snapshot available; no back-extrapolation
EC131,2006,,,,,,,,,,,Unavailable_pre2011,No municipality-level snapshot available; no back-extrapolation
EC131,2011,65560.0,29.1,6.2,26.0,10.7,20.2,8.6,97.0,95.8,95.6,Observed,Census 2011 municipality value
EC131,2016,71022.72727272728,28.19090909090909,6.881818181818182,27.363636363636363,8.972727272727273,24.154545454545453,8.145454545454545,97.81818181818181,96.2090909090909,96.73636363636363,Interpolated,Linear interpolation between Census 2011 and Census 2022
EC131,2021,76485.45454545454,27.281818181818185,7.5636363636363635,28.727272727272727,7.245454545454546,28.10909090909091,7.6909090909090905,98.63636363636364,96.61818181818182,97.87272727272726,Interpolated,Linear interpolation between Census 2011 and Census 2022
EC135,2000,,,,,,,,,,,Unavailable_pre2011,No municipality-level snapshot available; no back-extrapolation
EC135,2006,,,,,,,,,,,Unavailable_pre2011,No municipality-level snapshot available; no back-extrapolation
EC135,2011,150718.0,36.2,10.1,21.0,13.8,10.1,5.0,33.7,9.2,64.1,Observed,Census 2011 municipality value
EC135,2016,140437.54545454544,34.10909090909091,11.190909090909091,24.18181818181818,12.254545454545456,12.827272727272728,5.045454545454545,47.2,21.42727272727273,78.64545454545454,Interpolated,Linear interpolation between Census 2011 and Census 2022
EC135,2021,130157.09090909091,32.01818181818182,12.281818181818181,27.363636363636363,10.709090909090909,15.554545454545455,5.090909090909091,60.7,33.654545454545456,93.19090909090909,Interpolated,Linear interpolation between Census 2011 and Census 2022
EC136,2000,,,,,,,,,,,Unavailable_pre2011,No municipality-level snapshot available; no back-extrapolation
EC136,2006,,,,,,,,,,,Unavailable_pre2011,No municipality-level snapshot available; no back-extrapolation
EC136,2011,120758.0,35.1,9.9,21.0,18.8,11.0,3.8,55.8,29.2,78.6,Observed,Census 2011 municipality value
EC136,2016,124446.63636363637,33.054545454545455,10.763636363636364,24.18181818181818,15.709090909090909,14.090909090909092,3.981818181818182,68.34545454545454,43.06363636363636,86.28181818181818,Interpolated,Linear interpolation between Census 2011 and Census 2022
EC136,2021,128135.27272727272,31.00909090909091,11.627272727272729,27.363636363636363,12.618181818181817,17.181818181818183,4.163636363636364,80.89090909090909,56.92727272727273,93.96363636363637,Interpolated,Linear interpolation between Census 2011 and Census 2022
EC137,2000,,,,,,,,,,,Unavailable_pre2011,No municipality-level snapshot available; no back-extrapolation
EC137,2006,,,,,,,,,,,Unavailable_pre2011,No municipality-level snapshot available; no back-extrapolation
EC137,2011,155513.0,39.5,7.6,19.0,19.7,9.6,5.1,30.7,7.4,50.9,Observed,Census 2011 municipality value
EC137,2016,145188.45454545456,36.90909090909091,8.327272727272726,21.727272727272727,16.745454545454546,13.1,5.1,47.245454545454535,19.263636363636365,69.9,Interpolated,Linear interpolation between Census 2011 and Census 2022
EC137,2021,134863.9090909091,34.31818181818181,9.054545454545455,24.454545454545453,13.79090909090909,16.6,5.1,63.79090909090908,31.127272727272725,88.9,Interpolated,Linear interpolation between Census 2011 and Census 2022
EC138,2000,,,,,,,,,,,Unavailable_pre2011,No municipality-level snapshot available; no back-extrapolation
EC138,2006,,,,,,,,,,,Unavailable_pre2011,No municipality-level snapshot available; no back-extrapolation
EC138,2011,63154.0,35.0,7.4,21.0,12.7,14.2,6.3,64.5,45.4,79.1,Observed,Census 2011 municipality value
EC138,2016,63529.90909090909,32.90909090909091,7.99090909090909,23.727272727272727,10.472727272727273,17.79090909090909,6.572727272727273,73.0,56.99090909090909,87.14545454545454,Interpolated,Linear interpolation between Census 2011 and Census 2022
EC138,2021,63905.818181818184,30.818181818181817,8.581818181818182,26.454545454545453,8.245454545454546,21.381818181818183,6.845454545454546,81.5,68.58181818181819,95.19090909090909,Interpolated,Linear interpolation between Census 2011 and Census 2022
EC139,2000,,,,,,,,,,,Unavailable_pre2011,No municipality-level snapshot available; no back-extrapolation
EC139,2006,,,,,,,,,,,Unavailable_pre2011,No municipality-level snapshot available; no back-extrapolation
EC139,2011,250776.0,31.0,7.2,24.0,9.7,20.4,9.9,87.7,71.5,88.7,Observed,Census 2011 municipality value
EC139,2016,271811.9090909091,29.454545454545457,7.790909090909091,25.818181818181817,8.336363636363636,24.49090909090909,10.30909090909091,91.47272727272727,76.63636363636364,92.24545454545455,Interpolated,Linear interpolation between Census 2011 and Census 2022
EC139,2021,292847.8181818182,27.90909090909091,8.381818181818183,27.636363636363637,6.972727272727273,28.58181818181818,10.718181818181819,95.24545454545455,81.77272727272727,95.7909090909091,Interpolated,Linear interpolation between Census 2011 and Census 2022
EC141,2000,,,,,,,,,,,Unavailable_pre2011,No municipality-level snapshot available; no back-extrapolation
EC141,2006,,,,,,,,,,,Unavailable_pre2011,No municipality-level snapshot available; no back-extrapolation
EC141,2011,137045.0,35.3,8.3,21.0,16.0,11.9,5.1,33.2,17.7,46.5,Observed,Census 2011 municipality value
EC141,2016,139189.0909090909,33.3,8.709090909090909,23.272727272727273,12.772727272727273,15.445454545454545,5.327272727272727,52.88181818181818,33.881818181818176,66.54545454545455,Interpolated,Linear interpolation between Census 2011 and Census 2022
EC141,2021,141333.18181818182,31.299999999999997,9.118181818181817,25.545454545454547,9.545454545454547,18.990909090909092,5.554545454545454,72.56363636363636,50.06363636363636,86.5909090909091,Interpolated,Linear interpolation between Census 2011 and Census 2022
EC142,2000,,,,,,,,,,,Unavailable_pre2011,No municipality-level snapshot available; no back-extrapolation
EC142,2006,,,,,,,,,,,Unavailable_pre2011,No municipality-level snapshot available; no back-extrapolation
EC142,2011,134150.0,34.0,7.7,22.0,14.5,13.3,5.3,70.2,41.1,81.1,Observed,Census 2011 municipality value
EC142,2016,140024.0909090909,32.68181818181818,8.381818181818181,23.818181818181817,12.772727272727273,17.436363636363637,5.709090909090909,78.51818181818182,52.19090909090909,87.91818181818181,Interpolated,Linear interpolation between Census 2011 and Census 2022
EC142,2021,145898.18181818182,31.363636363636367,9.063636363636363,25.636363636363637,11.045454545454545,21.57272727272727,6.118181818181818,86.83636363636364,63.28181818181818,94.73636363636363,Interpolated,Linear interpolation between Census 2011 and Census 2022
EC145,2000,,,,,,,,,,,Unavailable_pre2011,No municipality-level snapshot available; no back-extrapolation
EC145,2006,,,,,,,,,,,Unavailable_pre2011,No municipality-level snapshot available; no back-extrapolation
EC145,2011,77477.0,32.1,6.0,24.0,12.7,19.6,8.7,90.2,86.8,87.0,Observed,Census 2011 municipality value
EC145,2016,89629.72727272726,30.372727272727275,6.5,25.363636363636363,10.745454545454546,23.327272727272728,8.881818181818181,92.10909090909091,90.16363636363636,90.5,Interpolated,Linear interpolation between Census 2011 and Census 2022
EC145,2021,101782.45454545454,28.645454545454548,7.0,26.727272727272727,8.790909090909091,27.054545454545455,9.063636363636363,94.01818181818183,93.52727272727273,94.0,Interpolated,Linear interpolation between Census 2011 and Census 2022
EC153,2000,,,,,,,,,,,Unavailable_pre2011,No municipality-level snapshot available; no back-extrapolation
EC153,2006,,,,,,,,,,,Unavailable_pre2011,No municipality-level snapshot available; no back-extrapolation
EC153,2011,278481.0,42.4,5.4,17.0,20.8,12.7,5.2,40.5,8.4,62.8,Observed,Census 2011 municipality value
EC153,2016,313068.2727272727,40.53636363636363,5.4,18.363636363636363,17.20909090909091,16.10909090909091,6.109090909090909,56.90909090909091,14.127272727272727,76.61818181818182,Interpolated,Linear interpolation between Census 2011 and Census 2022
EC153,2021,347655.54545454547,38.67272727272727,5.4,19.727272727272727,13.618181818181819,19.518181818181816,7.0181818181818185,73.31818181818181,19.854545454545452,90.43636363636364,Interpolated,Linear interpolation between Census 2011 and Census 2022
EC154,2000,,,,,,,,,,,Unavailable_pre2011,No municipality-level snapshot available; no back-extrapolation
EC154,2006,,,,,,,,,,,Unavailable_pre2011,No municipality-level snapshot available; no back-extrapolation
EC154,2011,156136.0,42.5,5.6,23.0,23.5,12.0,3.9,24.6,7.5,67.8,Observed,Census 2011 municipality value
EC154,2016,166676.45454545456,39.90909090909091,5.6909090909090905,22.09090909090909,19.545454545454547,15.727272727272727,4.490909090909091,43.41818181818182,15.136363636363637,78.75454545454545,Interpolated,Linear interpolation between Census 2011 and Census 2022
EC154,2021,177216.9090909091,37.31818181818181,5.781818181818181,21.181818181818183,15.590909090909092,19.454545454545453,5.081818181818182,62.236363636363635,22.772727272727273,89.70909090909092,Interpolated,Linear interpolation between Census 2011 and Census 2022
EC155,2000,,,,,,,,,,,Unavailable_pre2011,No municipality-level snapshot available; no back-extrapolation
EC155,2006,,,,,,,,,,,Unavailable_pre2011,No municipality-level snapshot available; no back-extrapolation
EC155,2011,290390.0,40.6,5.4,18.0,18.2,15.2,4.1,33.8,6.4,71.0,Observed,Census 2011 municipality value
EC155,2016,296965.45454545453,38.82727272727273,5.672727272727273,19.363636363636363,15.7,17.927272727272726,5.054545454545455,51.66363636363636,17.945454545454545,81.0,Interpolated,Linear interpolation between Census 2011 and Census 2022
EC155,2021,303540.9090909091,37.054545454545455,5.945454545454545,20.727272727272727,13.2,20.654545454545453,6.00909090909091,69.52727272727273,29.490909090909092,91.0,Interpolated,Linear interpolation between Census 2011 and Census 2022
EC156,2000,,,,,,,,,,,Unavailable_pre2011,No municipality-level snapshot available; no back-extrapolation
EC156,2006,,,,,,,,,,,Unavailable_pre2011,No municipality-level snapshot available; no back-extrapolation
EC156,2011,190745.0,38.3,7.2,19.0,14.7,12.4,4.8,34.3,13.0,72.4,Observed,Census 2011 municipality value
EC156,2016,188765.9090909091,36.027272727272724,7.654545454545454,21.272727272727273,13.2,15.49090909090909,5.072727272727273,51.48181818181818,25.045454545454547,82.9909090909091,Interpolated,Linear interpolation between Census 2011 and Census 2022
EC156,2021,186786.81818181818,33.75454545454545,8.10909090909091,23.545454545454547,11.7,18.581818181818182,5.345454545454546,68.66363636363636,37.09090909090909,93.58181818181819,Interpolated,Linear interpolation between Census 2011 and Census 2022
EC157,2000,,,,,,,,,,,Unavailable_pre2011,No municipality-level snapshot available; no back-extrapolation
EC157,2006,,,,,,,,,,,Unavailable_pre2011,No municipality-level snapshot available; no back-extrapolation
EC157,2011,450287.0,35.0,5.1,20.0,14.0,19.1,10.5,60.2,38.4,73.3,Observed,Census 2011 municipality value
EC157,2016,462228.36363636365,33.54545454545455,5.463636363636364,22.272727272727273,12.272727272727273,22.054545454545455,11.409090909090908,71.29090909090908,51.581818181818186,83.2090909090909,Interpolated,Linear interpolation between Census 2011 and Census 2022
EC157,2021,474169.7272727273,32.09090909090909,5.827272727272727,24.545454545454547,10.545454545454545,25.00909090909091,12.318181818181818,82.38181818181818,64.76363636363637,93.11818181818181,Interpolated,Linear interpolation between Census 2011 and Census 2022
EC441,2000,,,,,,,,,,,Unavailable_pre2011,No municipality-level snapshot available; no back-extrapolation
EC441,2006,,,,,,,,,,,Unavailable_pre2011,No municipality-level snapshot available; no back-extrapolation
EC441,2011,203843.0,38.4,6.9,19.0,9.4,12.9,5.6,49.7,27.6,44.9,Observed,Census 2011 municipality value
EC441,2016,213715.27272727274,36.21818181818182,7.4,20.818181818181817,7.218181818181819,17.036363636363635,6.372727272727272,61.56363636363636,39.32727272727273,62.9,Interpolated,Linear interpolation between Census 2011 and Census 2022
EC441,2021,223587.54545454544,34.03636363636364,7.9,22.636363636363637,5.036363636363636,21.172727272727272,7.1454545454545455,73.42727272727272,51.05454545454545,80.9,Interpolated,Linear interpolation between Census 2011 and Census 2022
EC442,2000,,,,,,,,,,,Unavailable_pre2011,No municipality-level snapshot available; no back-extrapolation
EC442,2006,,,,,,,,,,,Unavailable_pre2011,No municipality-level snapshot available; no back-extrapolation
EC442,2011,191775.0,38.3,6.7,19.0,8.0,13.9,6.3,37.7,17.2,45.2,Observed,Census 2011 municipality value
EC442,2016,202094.0909090909,35.981818181818184,7.0636363636363635,20.818181818181817,6.272727272727273,18.21818181818182,7.163636363636363,53.97272727272727,30.154545454545456,65.51818181818183,Interpolated,Linear interpolation between Census 2011 and Census 2022
EC442,2021,212413.18181818182,33.663636363636364,7.427272727272728,22.636363636363637,4.545454545454546,22.536363636363635,8.027272727272727,70.24545454545455,43.10909090909091,85.83636363636364,Interpolated,Linear interpolation between Census 2011 and Census 2022
EC443,2000,,,,,,,,,,,Unavailable_pre2011,No municipality-level snapshot available; no back-extrapolation
EC443,2006,,,,,,,,,,,Unavailable_pre2011,No municipality-level snapshot available; no back-extrapolation
EC443,2011,281905.0,44.2,5.2,17.0,19.4,13.1,5.0,43.7,6.9,60.0,Observed,Census 2011 municipality value
EC443,2016,312857.2727272727,41.472727272727276,5.2,18.363636363636363,15.854545454545454,17.554545454545455,6.2727272727272725,55.83636363636364,18.03636363636364,75.13636363636364,Interpolated,Linear interpolation between Census 2011 and Census 2022
EC443,2021,343809.54545454547,38.74545454545455,5.2,19.727272727272727,12.309090909090909,22.009090909090908,7.545454545454545,67.97272727272727,29.172727272727272,90.27272727272727,Interpolated,Linear interpolation between Census 2011 and Census 2022
EC444,2000,,,,,,,,,,,Unavailable_pre2011,No municipality-level snapshot available; no back-extrapolation
EC444,2006,,,,,,,,,,,Unavailable_pre2011,No municipality-level snapshot available; no back-extrapolation
EC444,2011,123821.0,41.5,6.3,18.0,17.9,9.8,3.8,24.7,8.0,23.3,Observed,Census 2011 municipality value
EC444,2016,134094.63636363635,39.63636363636363,6.390909090909091,18.90909090909091,15.536363636363635,13.48181818181818,4.4818181818181815,39.018181818181816,17.454545454545453,56.3,Interpolated,Linear interpolation between Census 2011 and Census 2022
EC444,2021,144368.27272727274,37.77272727272727,6.4818181818181815,19.818181818181817,13.172727272727272,17.163636363636364,5.163636363636363,53.33636363636364,26.90909090909091,89.3,Interpolated,Linear interpolation between Census 2011 and Census 2022
NMA,2000,,,,,,,,,,,Unavailable_pre2011,No municipality-level snapshot available; no back-extrapolation
NMA,2006,,,,,,,,,,,Unavailable_pre2011,No municipality-level snapshot available; no back-extrapolation
NMA,2011,1152115.0,25.5,6.0,28.0,3.0,30.9,11.6,87.2,90.4,90.5,Observed,Census 2011 municipality value
NMA,2016,1169560.9090909092,24.045454545454547,7.272727272727273,29.818181818181817,2.772727272727273,33.67272727272727,12.145454545454546,89.38181818181819,91.94545454545455,93.22727272727273,Interpolated,Linear interpolation between Census 2011 and Census 2022
NMA,2021,1187006.8181818181,22.590909090909093,8.545454545454547,31.636363636363637,2.5454545454545454,36.445454545454545,12.690909090909091,91.56363636363636,93.49090909090908,95.95454545454545,Interpolated,Linear interpolation between Census 2011 and Census 2022
