RegisteredVoters,SpoiltVotes,ANC_%,DA_%,EFF_%,Other_%,UDM_%,ValidVotes,Turnout_%,Year,MuniCode
419044,5843,59.86425021512741,23.451521697135732,8.206891101627942,7.184816395342711,1.2925205907662047,227772,55.74951556399805,2016,BUF
40887,359,51.02189485612529,46.40414423894128,1.8576227285604436,0.7163381763729816,0.0,24709,61.31044097145792,2016,EC101
18372,140,59.40840398083302,38.59196461481755,1.9996314043494285,0.0,0.0,10852,59.83017635532332,2016,EC102
46398,402,62.83285410676335,29.728716089511188,5.759053214985207,0.8667750135433595,0.8126015751968996,23997,52.58631837579206,2016,EC104
34455,224,62.331475822397984,30.941039007729643,2.7008808197016,1.3302175085385584,2.6963868416322128,22252,65.23291249455812,2016,EC105
25839,183,71.16756095904367,21.775453372274672,4.937852339876384,1.6029341846091152,0.5161991441961558,14723,57.68799102132436,2016,EC106
58145,481,40.5927291886196,56.751844046364596,1.1354056902002108,1.3303477344573236,0.18967334035827188,37960,66.11230544328834,2016,EC108
20413,218,51.58957106812447,44.41547518923465,2.590412111017662,1.4045416316232127,0.0,11890,59.315142311272226,2016,EC109
129921,2716,75.72841807739724,2.304777941486003,3.6097663649757945,3.1016026701145623,15.2554349460264,66514,53.28622778457678,2016,EC121
126195,1626,74.15000555811405,4.654523510822442,5.054707722602468,8.616664813961982,7.524098394499055,62971,51.188240421569795,2016,EC122
17685,286,74.54171159690226,19.86079796098422,5.126948338398196,0.470542103715322,0.0,10201,59.298840825558386,2016,EC123
52945,957,79.29469020120578,8.941672114476647,8.447737342921478,2.6403719038279942,0.6755284375680977,27534,53.812446878836525,2016,EC124
38945,495,88.12540163407692,2.928486183787754,8.399889837510328,0.5462223446249885,0.0,21786,57.21145204775966,2016,EC126
82963,1314,80.84225294743274,10.221538322282818,6.134733316738703,1.774116901631554,1.0273585119141906,44191,54.84975229921773,2016,EC129
30907,303,58.40268146093389,38.881183541377716,2.7161349976883957,0.0,0.0,17304,56.96767722522406,2016,EC131
77938,914,81.8241469816273,2.323739704950674,6.539053307991674,4.038827043171328,5.2742329622590285,44196,57.879339988195746,2016,EC135
61471,830,82.1886076302643,11.216544333119366,2.7434344561971478,1.8056989757472581,2.0457146046719323,35831,59.639504807144824,2016,EC136
73494,888,83.28189440908966,1.7644006227296314,4.2198126348564715,4.577609045967279,6.15628328735695,36613,51.02593408985767,2016,EC137
30632,647,81.83665927568367,7.095343680709535,4.619364375461936,3.6831731953683176,2.765459472776546,16236,55.11556542178114,2016,EC138
123599,1003,73.33384262796028,13.30786860198625,7.856378915202445,4.044308632543927,1.4576012223071046,65450,53.76499809869012,2016,EC139
63893,1072,84.08902323376007,5.236486486486487,4.12814129919393,4.415599810336652,2.1307491702228543,33744,54.49110231167733,2016,EC141
64675,751,68.33925157060912,4.149139579349905,3.0811253755804424,23.690248565965582,0.7402349084949468,36610,57.767298028604564,2016,EC142
36607,359,66.89117162515747,22.434344413218334,5.683690280065898,4.990793681558291,0.0,20638,57.35788237222389,2016,EC145
136794,2058,83.44040074490047,3.38525501292027,5.879805401971965,4.999206016947929,2.295332823259373,69271,52.143368861207364,2016,EC153
75867,982,79.66534863535539,5.641816954383258,2.854662937602469,7.312662744719837,4.525508727939049,41476,55.96372599417402,2016,EC154
134892,1644,84.8257252080054,4.1481148339704665,4.115133798066112,1.0478974589610974,5.863128700996927,66705,50.66942442843163,2016,EC155
96967,1245,79.54866569819507,3.227796461761955,3.1282959543093667,7.816759865475315,6.278482020258304,50251,53.10672703084555,2016,EC156
211426,1965,63.313172402719054,4.45859872611465,4.452175774768506,5.754964406144623,22.021088690253173,93415,45.112710830266856,2016,EC157
97535,1837,74.43970212689965,8.075432612461382,6.803935925138847,7.937925245995321,2.7430040895047947,55997,59.29563746347465,2016,EC441
103439,1692,76.72961751846272,6.734761362383804,4.7764264981445415,4.265716280266011,7.493478340742918,54434,54.259998646545306,2016,EC442
131835,1907,80.3170536870231,3.4900696912100933,6.389279122937499,8.263779852904719,1.5398176459245791,72606,56.519892289604435,2016,EC443
64137,880,83.87077475321567,5.18994914747233,5.318576129225247,4.451091833682321,1.169608136404427,33430,53.49486255983285,2016,EC444
609217,6569,41.504485017963724,46.663898299293805,5.028266257368807,4.971760024599923,1.8315904007737411,380489,63.53368340016775,2016,NMA
