RegisteredVoters,SpoiltVotes,ANC_%,Other_%,UDM_%,ValidVotes,Turnout_%,Year,MuniCode,DA_%,EFF_%,ATM_%,TopShare_%,Margin_pts,ENP,prev_ANC_%,prev_DA_%,prev_EFF_%,prev_UDM_%,prev_ATM_%,prev_Other_%,prev_Turnout_%,prev_Margin_pts,prev_ENP,Pop,U15,O65,Med,NoSch,Matric,Higher,Formal,Water,Elec,BoundaryFlag
384910,4016,69.12534111226122,30.13926790251247,0.7353909852263103,212540,56.261463718791404,2011,BUF,0.0,0.0,0.0,69.12534111226122,48.86468429472099,1.9160031327698708,,,,,,,,,,781853,26.5,6.1,27,5.1,27.1,13.2,71.9,69.1,81.1,1
419044,5843,59.86425021512741,7.184816395342711,1.2925205907662047,227772,55.74951556399805,2016,BUF,23.451521697135732,8.206891101627942,0.0,59.86425021512741,36.412728517991674,2.369498596662389,69.12534111226122,0.0,0.0,0.7353909852263103,0.0,30.13926790251247,56.261463718791404,48.86468429472099,1.9160031327698708,781853,26.5,6.1,27,5.1,27.1,13.2,71.9,69.1,81.1,1
406486,3571,60.51091448700524,5.631708873048013,1.1039303247996006,180265,45.22566582858942,2021,BUF,19.492968684991542,12.371231242892408,0.8892463872631958,60.51091448700524,41.0179458020137,2.381045382633146,59.86425021512741,23.451521697135732,8.206891101627942,1.2925205907662047,0.0,7.184816395342711,55.74951556399805,36.412728517991674,2.369498596662389,781853,26.5,6.1,27,5.1,27.1,13.2,71.9,69.1,81.1,1
38214,291,54.335726728130176,45.664273271869824,0.0,23537,62.35411105877427,2011,EC101,0.0,0.0,0.0,54.335726728130176,9.835578026086583,2.0271284374278777,,,,,,,,,,79292,30.2,6.8,26,9.3,18.4,7.6,95.3,96.9,92.1,0
40887,359,51.02189485612529,0.7163381763729816,0.0,24709,61.31044097145792,2016,EC101,46.40414423894128,1.8576227285604436,0.0,51.02189485612529,4.617750617184019,2.1006010353809375,54.335726728130176,0.0,0.0,0.0,0.0,45.664273271869824,62.35411105877427,9.835578026086583,2.0271284374278777,79292,30.2,6.8,26,9.3,18.4,7.6,95.3,96.9,92.1,0
39913,272,46.628329626213855,9.336516031031303,0.0,18433,46.86443013554481,2021,EC101,39.765637714967724,4.123040199641947,0.14647642814517442,46.628329626213855,6.862691911246133,2.632657394854922,51.02189485612529,46.40414423894128,1.8576227285604436,0.0,0.0,0.7163381763729816,61.31044097145792,4.617750617184019,2.1006010353809375,79292,30.2,6.8,26,9.3,18.4,7.6,95.3,96.9,92.1,0
17451,404,65.5419739367613,34.45802606323871,0.0,9899,59.03959658472294,2011,EC102,0.0,0.0,0.0,65.5419739367613,31.083947873522575,1.8237838495793666,,,,,,,,,,36002,29.2,7.0,27,10.5,19.0,6.1,95.9,91.4,86.9,0
18372,140,59.40840398083302,0.0,0.0,10852,59.83017635532332,2016,EC102,38.59196461481755,1.9996314043494285,0.0,59.40840398083302,20.816439366015477,1.9909623362149562,65.5419739367613,0.0,0.0,0.0,0.0,34.45802606323871,59.03959658472294,31.083947873522575,1.8237838495793666,36002,29.2,7.0,27,10.5,19.0,6.1,95.9,91.4,86.9,0
17867,118,56.4983888292159,0.0,0.0,9310,52.7676722449208,2021,EC102,37.056928034371644,6.176154672395274,0.26852846401718583,56.4983888292159,19.44146079484425,2.1722598358200917,59.40840398083302,38.59196461481755,1.9996314043494285,0.0,0.0,0.0,59.83017635532332,20.816439366015477,1.9909623362149562,36002,29.2,7.0,27,10.5,19.0,6.1,95.9,91.4,86.9,0
44876,341,73.30661160370865,26.693388396291347,0.0,24699,55.79819948301987,2011,EC104,0.0,0.0,0.0,73.30661160370865,52.76326976800681,1.7213246990773756,,,,,,,,,,80390,24.4,6.2,26,6.3,23.0,11.7,85.4,85.2,89.5,0
46398,402,62.83285410676335,0.8667750135433595,0.8126015751968996,23997,52.58631837579206,2016,EC104,29.728716089511188,5.759053214985207,0.0,62.83285410676335,33.10413801725216,2.0549314283657005,73.30661160370865,0.0,0.0,0.0,0.0,26.693388396291347,55.79819948301987,52.76326976800681,1.7213246990773756,80390,24.4,6.2,26,6.3,23.0,11.7,85.4,85.2,89.5,0
43664,732,51.81833324079729,23.857642551773917,0.0,18011,42.925522169292776,2021,EC104,17.666981289212146,5.829770695685969,0.8272722225306758,51.81833324079729,32.963189162178665,2.9457741869091563,62.83285410676335,29.728716089511188,5.759053214985207,0.8126015751968996,0.0,0.8667750135433595,52.58631837579206,33.10413801725216,2.0549314283657005,80390,24.4,6.2,26,6.3,23.0,11.7,85.4,85.2,89.5,0
32532,831,68.91120205577235,31.088797944227657,0.0,21014,67.14926841263986,2011,EC105,0.0,0.0,0.0,68.91120205577235,37.822404111544685,1.7496994941545356,,,,,,,,,,61176,25.2,9.9,25,9.7,20.4,9.6,83.6,86.0,86.3,0
34455,224,62.331475822397984,1.3302175085385584,2.6963868416322128,22252,65.23291249455812,2016,EC105,30.941039007729643,2.7008808197016,0.0,62.331475822397984,31.390436814668345,2.0580808905174037,68.91120205577235,0.0,0.0,0.0,0.0,31.088797944227657,67.14926841263986,37.822404111544685,1.7496994941545356,61176,25.2,9.9,25,9.7,20.4,9.6,83.6,86.0,86.3,0
33201,275,52.551891207399656,2.0811539943841875,0.0,18163,55.53447185325743,2021,EC105,30.286846886527556,14.799317293398667,0.28079061828993007,52.551891207399656,22.2650443208721,2.5625097333668228,62.331475822397984,30.941039007729643,2.7008808197016,2.6963868416322128,0.0,1.3302175085385584,65.23291249455812,31.390436814668345,2.0580808905174037,61176,25.2,9.9,25,9.7,20.4,9.6,83.6,86.0,86.3,0
25366,1229,78.54931154885038,21.450688451149617,0.0,15179,64.68501143262635,2011,EC106,0.0,0.0,0.0,78.54931154885038,57.098623097700774,1.508266875640079,,,,,,,,,,54504,26.7,5.2,27,8.8,15.3,3.7,84.6,72.6,79.8,0
25839,183,71.16756095904367,1.6029341846091152,0.5161991441961558,14723,57.68799102132436,2016,EC106,21.775453372274672,4.937852339876384,0.0,71.16756095904367,49.392107586769,1.7965544554215833,78.54931154885038,0.0,0.0,0.0,0.0,21.450688451149617,64.68501143262635,57.098623097700774,1.508266875640079,54504,26.7,5.2,27,8.8,15.3,3.7,84.6,72.6,79.8,0
25034,239,63.82903878286869,8.002814176413683,0.0,11371,46.37692737876488,2021,EC106,21.73071849441562,5.689912936417202,0.7475156098847946,63.82903878286869,42.09832028845308,2.1686290913594988,71.16756095904367,21.775453372274672,4.937852339876384,0.5161991441961558,0.0,1.6029341846091152,57.68799102132436,49.392107586769,1.7965544554215833,54504,26.7,5.2,27,8.8,15.3,3.7,84.6,72.6,79.8,0
51435,861,50.169333177624665,49.830666822375335,0.0,34252,68.26674443472344,2011,EC108,0.0,0.0,0.0,50.169333177624665,1.8480672661450426,2.060615876473129,,,,,,,,,,98558,26.8,7.9,28,4.9,24.7,9.3,76.1,82.4,86.9,0
58145,481,40.5927291886196,1.3303477344573236,0.18967334035827188,37960,66.11230544328834,2016,EC108,56.751844046364596,1.1354056902002108,0.0,56.751844046364596,16.159114857745,2.0531616969420714,50.169333177624665,0.0,0.0,0.0,0.0,49.830666822375335,68.26674443472344,1.8480672661450426,2.060615876473129,98558,26.8,7.9,28,4.9,24.7,9.3,76.1,82.4,86.9,0
60572,513,37.56098994768091,5.7492210922344364,0.814179060607842,34022,57.01479231328006,2021,EC108,53.885721004056194,1.884075010287461,0.10581388513314913,53.885721004056194,16.324731056375285,2.3081648899938036,40.5927291886196,56.751844046364596,1.1354056902002108,0.18967334035827188,0.0,1.3303477344573236,66.11230544328834,16.159114857745,2.0531616969420714,98558,26.8,7.9,28,4.9,24.7,9.3,76.1,82.4,86.9,0
18579,107,57.84097913181297,42.15902086818702,0.0,11357,61.704074492706816,2011,EC109,0.0,0.0,0.0,57.84097913181297,15.681958263625956,1.951995775213065,,,,,,,,,,40663,29.7,4.5,26,5.3,17.8,3.7,90.6,89.6,87.1,0
20413,218,51.58957106812447,1.4045416316232127,0.0,11890,59.315142311272226,2016,EC109,44.41547518923465,2.590412111017662,0.0,51.58957106812447,7.174095878889824,2.1538256918626146,57.84097913181297,0.0,0.0,0.0,0.0,42.15902086818702,61.704074492706816,15.681958263625956,1.951995775213065,40663,29.7,4.5,26,5.3,17.8,3.7,90.6,89.6,87.1,0
20645,274,48.33268330733229,18.379485179407176,0.0,10256,51.0050859772342,2021,EC109,29.56318252730109,2.8568642745709827,0.8677847113884555,48.33268330733229,18.7695007800312,2.972403989876386,51.58957106812447,44.41547518923465,2.590412111017662,0.0,0.0,1.4045416316232127,59.315142311272226,7.174095878889824,2.1538256918626146,40663,29.7,4.5,26,5.3,17.8,3.7,90.6,89.6,87.1,0
113875,4704,70.26456798392499,18.352310783657067,11.38312123241795,59720,56.57431394072447,2011,EC121,0.0,0.0,0.0,70.26456798392499,55.050234427327524,1.886550096027595,,,,,,,,,,261670,38.0,8.2,19,21.4,10.2,4.9,30.6,7.5,48.9,0
129921,2716,75.72841807739724,3.1016026701145623,15.2554349460264,66514,53.28622778457678,2016,EC121,2.304777941486003,3.6097663649757945,0.0,75.72841807739724,60.47298313137084,1.6698776557869979,70.26456798392499,0.0,0.0,11.38312123241795,0.0,18.352310783657067,56.57431394072447,55.050234427327524,1.886550096027595,261670,38.0,8.2,19,21.4,10.2,4.9,30.6,7.5,48.9,0
122433,1813,71.58867876075352,5.095658235045949,13.515050351266577,54517,46.00883748662534,2021,EC121,1.4142377606984977,6.210906689656437,2.175468202579012,71.58867876075352,58.07362840948694,1.866689340291959,75.72841807739724,2.304777941486003,3.6097663649757945,15.2554349460264,0.0,3.1016026701145623,53.28622778457678,60.47298313137084,1.6698776557869979,261670,38.0,8.2,19,21.4,10.2,4.9,30.6,7.5,48.9,0
123140,1343,76.440490108255,17.534883014742725,6.024626877002262,65863,54.576904336527534,2011,EC122,0.0,0.0,0.0,76.440490108255,65.13672319815373,1.6605591739499894,,,,,,,,,,245629,34.2,8.9,21,11.0,13.7,8.1,49.1,18.1,62.3,0
126195,1626,74.15000555811405,8.616664813961982,7.524098394499055,62971,51.188240421569795,2016,EC122,4.654523510822442,5.054707722602468,0.0,74.15000555811405,66.625907163615,1.7771182098811278,76.440490108255,0.0,0.0,6.024626877002262,0.0,17.534883014742725,54.576904336527534,65.13672319815373,1.6605591739499894,245629,34.2,8.9,21,11.0,13.7,8.1,49.1,18.1,62.3,0
121099,988,70.57863412886402,9.932522542248053,7.593702103943152,50239,42.301753111090925,2021,EC122,1.9466947988614425,7.653416668325405,2.295029757757917,70.57863412886402,62.92521746053862,1.9509938888445562,74.15000555811405,4.654523510822442,5.054707722602468,7.524098394499055,0.0,8.616664813961982,51.188240421569795,66.625907163615,1.7771182098811278,245629,34.2,8.9,21,11.0,13.7,8.1,49.1,18.1,62.3,0
21302,240,84.6141781681305,15.385821831869512,0.0,12752,60.98957844333866,2011,EC123,0.0,0.0,0.0,84.6141781681305,69.22835633626099,1.352030534661887,,,,,,,,,,30832,28.4,9.6,27,19.0,15.6,5.3,68.5,51.0,78.3,1
17685,286,74.54171159690226,0.470542103715322,0.0,10201,59.298840825558386,2016,EC123,19.86079796098422,5.126948338398196,0.0,74.54171159690226,54.680913635918046,1.672961162804812,84.6141781681305,0.0,0.0,0.0,0.0,15.385821831869512,60.98957844333866,69.22835633626099,1.352030534661887,30832,28.4,9.6,27,19.0,15.6,5.3,68.5,51.0,78.3,1
17935,168,67.35558540870105,1.7567427921876613,0.9403740828769247,9677,54.892667967661005,2021,EC123,18.673142502841788,10.65412834556164,0.6200268678309393,67.35558540870105,48.68244290585926,1.9986702968615988,74.54171159690226,19.86079796098422,5.126948338398196,0.0,0.0,0.470542103715322,59.298840825558386,54.680913635918046,1.672961162804812,30832,28.4,9.6,27,19.0,15.6,5.3,68.5,51.0,78.3,1
63773,709,82.37779618889809,16.45401822700911,1.1681855840927922,36210,57.89127060041083,2011,EC124,0.0,0.0,0.0,82.37779618889809,74.26953880143607,1.4530223204169501,,,,,,,,,,101035,30.7,8.4,25,10.1,14.1,4.8,61.5,41.4,87.3,1
52945,957,79.29469020120578,2.6403719038279942,0.6755284375680977,27534,53.812446878836525,2016,EC124,8.941672114476647,8.447737342921478,0.0,79.29469020120578,70.35301808672914,1.5523729478708093,82.37779618889809,0.0,0.0,1.1681855840927922,0.0,16.45401822700911,57.89127060041083,74.26953880143607,1.4530223204169501,101035,30.7,8.4,25,10.1,14.1,4.8,61.5,41.4,87.3,1
49510,691,75.99647266313933,5.661375661375661,0.0,22680,47.20460513027671,2021,EC124,9.982363315696649,7.319223985890652,1.0405643738977073,75.99647266313933,66.01410934744267,1.6845841839262605,79.29469020120578,8.941672114476647,8.447737342921478,0.6755284375680977,0.0,2.6403719038279942,53.812446878836525,70.35301808672914,1.5523729478708093,101035,30.7,8.4,25,10.1,14.1,4.8,61.5,41.4,87.3,1
42100,582,95.43786051389617,4.562139486103828,0.0,19070,46.679334916864605,2011,EC126,0.0,0.0,0.0,95.43786051389617,92.19716832721552,1.0964150646979887,,,,,,,,,,64422,29.8,11.8,27,14.4,14.5,3.7,71.6,21.5,91.5,1
38945,495,88.12540163407692,0.5462223446249885,0.0,21786,57.21145204775966,2016,EC126,2.928486183787754,8.399889837510328,0.0,88.12540163407692,79.7255117965666,1.2746129427996875,95.43786051389617,0.0,0.0,0.0,0.0,4.562139486103828,46.679334916864605,92.19716832721552,1.0964150646979887,64422,29.8,11.8,27,14.4,14.5,3.7,71.6,21.5,91.5,1
35846,889,81.28733322168257,1.3118963880980292,0.0,17913,52.45215644702338,2021,EC126,2.8861720538156646,12.53279740970245,1.9818009267012784,81.28733322168257,68.75453581198012,1.4752134308801492,88.12540163407692,2.928486183787754,8.399889837510328,0.0,0.0,0.5462223446249885,57.21145204775966,79.7255117965666,1.2746129427996875,64422,29.8,11.8,27,14.4,14.5,3.7,71.6,21.5,91.5,1
80463,1940,82.63070293440343,16.901890147974193,0.46740691762238085,43859,56.919329381206275,2011,EC129,0.0,0.0,0.0,82.63070293440343,74.96522948539639,1.4440491844228207,,,,,,,,,,151379,29.0,9.1,26,7.1,16.8,6.8,73.6,49.3,89.0,0
82963,1314,80.84225294743274,1.774116901631554,1.0273585119141906,44191,54.84975229921773,2016,EC129,10.221538322282818,6.134733316738703,0.0,80.84225294743274,70.62071462514992,1.4970589827689087,82.63070293440343,0.0,0.0,0.46740691762238085,0.0,16.901890147974193,56.919329381206275,74.96522948539639,1.4440491844228207,151379,29.0,9.1,26,7.1,16.8,6.8,73.6,49.3,89.0,0
78861,2167,75.44105292635116,7.782133856062727,0.0,35710,48.03007823892672,2021,EC129,7.149257910949314,7.857742929151498,1.7698123774852983,75.44105292635116,67.58330999719966,1.717201806138219,80.84225294743274,10.221538322282818,6.134733316738703,1.0273585119141906,0.0,1.774116901631554,54.84975229921773,70.62071462514992,1.4970589827689087,151379,29.0,9.1,26,7.1,16.8,6.8,73.6,49.3,89.0,0
30238,434,64.66537673571591,34.1566127930799,1.1780104712041886,17572,59.54758912626497,2011,EC131,0.0,0.0,0.0,64.66537673571591,31.612793079899838,1.895127142011019,,,,,,,,,,65560,29.1,6.2,26,10.7,20.2,8.6,97.0,95.8,95.6,0
30907,303,58.40268146093389,0.0,0.0,17304,56.96767722522406,2016,EC131,38.881183541377716,2.7161349976883957,0.0,58.40268146093389,19.521497919556175,2.0283987900672353,64.66537673571591,0.0,0.0,1.1780104712041886,0.0,34.1566127930799,59.54758912626497,31.612793079899838,1.895127142011019,65560,29.1,6.2,26,10.7,20.2,8.6,97.0,95.8,95.6,0
29691,303,53.63515499265272,3.799594150164439,0.0,14291,49.15294196894682,2021,EC131,39.50038485760269,2.784969561262333,0.2798964383178224,53.63515499265272,14.134770135050035,2.2454907519221132,58.40268146093389,38.881183541377716,2.7161349976883957,0.0,0.0,0.0,56.96767722522406,19.521497919556175,2.0283987900672353,65560,29.1,6.2,26,10.7,20.2,8.6,97.0,95.8,95.6,0
72149,645,88.35195530726257,8.235567970204842,3.4124767225325883,42960,60.43742810018157,2011,EC135,0.0,0.0,0.0,88.35195530726257,83.79422718808193,1.2751536246969,,,,,,,,,,150718,36.2,10.1,21,13.8,10.1,5.0,33.7,9.2,64.1,0
77938,914,81.8241469816273,4.038827043171328,5.2742329622590285,44196,57.879339988195746,2016,EC135,2.323739704950674,6.539053307991674,0.0,81.8241469816273,75.28509367363563,1.4759909462797536,88.35195530726257,0.0,0.0,3.4124767225325883,0.0,8.235567970204842,60.43742810018157,83.79422718808193,1.2751536246969,150718,36.2,10.1,21,13.8,10.1,5.0,33.7,9.2,64.1,0
75098,1256,81.16174951211113,2.7522672483067385,3.420962002066353,34844,48.07052118565075,2021,EC135,1.937205831707037,9.324417403283206,1.4033980025255424,81.16174951211113,71.83733210882792,1.4932619455080418,81.8241469816273,2.323739704950674,6.539053307991674,5.2742329622590285,0.0,4.038827043171328,57.879339988195746,75.28509367363563,1.4759909462797536,150718,36.2,10.1,21,13.8,10.1,5.0,33.7,9.2,64.1,0
58105,1581,86.71304347826087,10.704347826086956,2.5826086956521737,34500,62.09620514585664,2011,EC136,0.0,0.0,0.0,86.71304347826087,82.01159420289854,1.322403038470546,,,,,,,,,,120758,35.1,9.9,21,18.8,11.0,3.8,55.8,29.2,78.6,0
61471,830,82.1886076302643,1.8056989757472581,2.0457146046719323,35831,59.639504807144824,2016,EC136,11.216544333119366,2.7434344561971478,0.0,82.1886076302643,70.97206329714494,1.450603032080349,86.71304347826087,0.0,0.0,2.5826086956521737,0.0,10.704347826086956,62.09620514585664,82.01159420289854,1.322403038470546,120758,35.1,9.9,21,18.8,11.0,3.8,55.8,29.2,78.6,0
59230,660,81.5187886319783,2.8845210452300747,2.508421362461981,30577,52.73847712307952,2021,EC136,6.364260718840958,5.343885927331001,1.3801223141577001,81.5187886319783,75.15452791313733,1.4862817593090756,82.1886076302643,11.216544333119366,2.7434344561971478,2.0457146046719323,0.0,1.8056989757472581,59.639504807144824,70.97206329714494,1.450603032080349,120758,35.1,9.9,21,18.8,11.0,3.8,55.8,29.2,78.6,0
69485,610,86.977140725742,6.378217083177919,6.644642191080087,37534,54.89530114413183,2011,EC137,0.0,0.0,0.0,86.977140725742,80.33249853466191,1.3126760691255621,,,,,,,,,,155513,39.5,7.6,19,19.7,9.6,5.1,30.7,7.4,50.9,0
73494,888,83.28189440908966,4.577609045967279,6.15628328735695,36613,51.02593408985767,2016,EC137,1.7644006227296314,4.2198126348564715,0.0,83.28189440908966,77.12561112173272,1.4286255270781285,86.977140725742,0.0,0.0,6.644642191080087,0.0,6.378217083177919,54.89530114413183,80.33249853466191,1.3126760691255621,155513,39.5,7.6,19,19.7,9.6,5.1,30.7,7.4,50.9,0
70369,647,82.07380279941653,2.8552807175444586,5.074330405636076,32221,46.70806747289289,2021,EC137,1.3531547748362869,5.5988330591850035,3.0445982433816456,82.07380279941653,76.47496974023153,1.4692860343338567,83.28189440908966,1.7644006227296314,4.2198126348564715,6.15628328735695,0.0,4.577609045967279,51.02593408985767,77.12561112173272,1.4286255270781285,155513,39.5,7.6,19,19.7,9.6,5.1,30.7,7.4,50.9,0
29165,287,82.30517513028724,15.064840625378743,2.62998424433402,16502,57.56557517572433,2011,EC138,0.0,0.0,0.0,82.30517513028724,74.34856381044722,1.456478851233799,,,,,,,,,,63154,35.0,7.4,21,12.7,14.2,6.3,64.5,45.4,79.1,0
30632,647,81.83665927568367,3.6831731953683176,2.765459472776546,16236,55.11556542178114,2016,EC138,7.095343680709535,4.619364375461936,0.0,81.83665927568367,74.74131559497414,1.47477270729247,82.30517513028724,0.0,0.0,2.62998424433402,0.0,15.064840625378743,57.56557517572433,74.34856381044722,1.456478851233799,63154,35.0,7.4,21,12.7,14.2,6.3,64.5,45.4,79.1,0
30028,391,73.06846399432423,4.129123802766939,3.249379212486697,14095,48.24164113494072,2021,EC138,8.783256473926924,7.335934728627174,3.433841787868038,73.06846399432423,64.28520752039731,1.8178892194083367,81.83665927568367,7.095343680709535,4.619364375461936,2.765459472776546,0.0,3.6831731953683176,55.11556542178114,74.74131559497414,1.47477270729247,63154,35.0,7.4,21,12.7,14.2,6.3,64.5,45.4,79.1,0
116515,1061,80.71518424201516,17.64029086000061,1.6445248979842297,65186,56.85705703128353,2011,EC139,0.0,0.0,0.0,80.71518424201516,70.45684656214524,1.5006158853657483,,,,,,,,,,250776,31.0,7.2,24,9.7,20.4,9.9,87.7,71.5,88.7,0
123599,1003,73.33384262796028,4.044308632543927,1.4576012223071046,65450,53.76499809869012,2016,EC139,13.30786860198625,7.856378915202445,0.0,73.33384262796028,60.02597402597403,1.7781731483388885,80.71518424201516,0.0,0.0,1.6445248979842297,0.0,17.64029086000061,56.85705703128353,70.45684656214524,1.5006158853657483,250776,31.0,7.2,24,9.7,20.4,9.9,87.7,71.5,88.7,0
118637,1463,63.81185476895899,14.929795182274894,1.3580905761763677,54341,47.0376020971535,2021,EC139,10.48931745827276,8.400655122283359,1.0102868920336394,63.81185476895899,53.32253731068622,2.3066589971971436,73.33384262796028,13.30786860198625,7.856378915202445,1.4576012223071046,0.0,4.044308632543927,53.76499809869012,60.02597402597403,1.7781731483388885,250776,31.0,7.2,24,9.7,20.4,9.9,87.7,71.5,88.7,0
58401,1201,80.06677265500795,15.27503974562798,4.65818759936407,31450,55.908289241622576,2011,EC141,0.0,0.0,0.0,80.06677265500795,72.8839427662957,1.5321761491328478,,,,,,,,,,137045,35.3,8.3,21,16.0,11.9,5.1,33.2,17.7,46.5,0
63893,1072,84.08902323376007,4.415599810336652,2.1307491702228543,33744,54.49110231167733,2016,EC141,5.236486486486487,4.12814129919393,0.0,84.08902323376007,78.85253674727359,1.4019426624082236,80.06677265500795,0.0,0.0,4.65818759936407,0.0,15.27503974562798,55.908289241622576,72.8839427662957,1.5321761491328478,137045,35.3,8.3,21,16.0,11.9,5.1,33.2,17.7,46.5,0
61114,972,80.05528386136508,4.032886809837692,2.8740520235310796,28218,47.76319664888569,2021,EC141,3.3701892409100576,7.566092565029415,2.101495499326671,80.05528386136508,72.48919129633568,1.5387616243672262,84.08902323376007,5.236486486486487,4.12814129919393,2.1307491702228543,0.0,4.415599810336652,54.49110231167733,78.85253674727359,1.4019426624082236,137045,35.3,8.3,21,16.0,11.9,5.1,33.2,17.7,46.5,0
62646,718,87.07960717616723,11.6695012892961,1.2508915345366765,36454,59.33658972639913,2011,EC142,0.0,0.0,0.0,87.07960717616723,80.70993580951337,1.3071069488985192,,,,,,,,,,134150,34.0,7.7,22,14.5,13.3,5.3,70.2,41.1,81.1,0
64675,751,68.33925157060912,23.690248565965582,0.7402349084949468,36610,57.767298028604564,2016,EC142,4.149139579349905,3.0811253755804424,0.0,68.33925157060912,45.072384594373126,1.9087479898570614,87.07960717616723,0.0,0.0,1.2508915345366765,0.0,11.6695012892961,59.33658972639913,80.70993580951337,1.3071069488985192,134150,34.0,7.7,22,14.5,13.3,5.3,70.2,41.1,81.1,0
60187,620,74.22378441710603,8.655536028119508,1.32908611599297,27312,46.408692907106186,2021,EC142,3.4453719976567077,11.44185705916813,0.9043643819566491,74.22378441710603,62.7819273579379,1.7605093695769065,68.33925157060912,4.149139579349905,3.0811253755804424,0.7402349084949468,0.0,23.690248565965582,57.767298028604564,45.072384594373126,1.9087479898570614,134150,34.0,7.7,22,14.5,13.3,5.3,70.2,41.1,81.1,0
35250,481,69.56664324197705,28.892012180838606,1.5413445771843524,21345,61.917730496453906,2011,EC145,0.0,0.0,0.0,69.56664324197705,48.91543687046147,1.877851041048495,,,,,,,,,,77477,32.1,6.0,24,12.7,19.6,8.7,90.2,86.8,87.0,0
36607,359,66.89117162515747,4.990793681558291,0.0,20638,57.35788237222389,2016,EC145,22.434344413218334,5.683690280065898,0.0,66.89117162515747,44.45682721193914,1.9861205891559182,69.56664324197705,0.0,0.0,1.5413445771843524,0.0,28.892012180838606,61.917730496453906,48.91543687046147,1.877851041048495,77477,32.1,6.0,24,12.7,19.6,8.7,90.2,86.8,87.0,0
36110,248,55.71284125379171,7.357402010349134,0.0,16813,47.24729991692052,2021,EC145,22.851365015166834,12.490334859929817,1.5880568607625052,55.71284125379171,32.861476238624874,2.6050029014466274,66.89117162515747,22.434344413218334,5.683690280065898,0.0,0.0,4.990793681558291,57.35788237222389,44.45682721193914,1.9861205891559182,77477,32.1,6.0,24,12.7,19.6,8.7,90.2,86.8,87.0,0
121851,1210,89.36083252114314,9.119061841732952,1.5201056371239035,63614,53.19939926631706,2011,EC153,0.0,0.0,0.0,89.36083252114314,83.00059735278398,1.2451065238653354,,,,,,,,,,278481,42.4,5.4,17,20.8,12.7,5.2,40.5,8.4,62.8,0
136794,2058,83.44040074490047,4.999206016947929,2.295332823259373,69271,52.143368861207364,2016,EC153,3.38525501292027,5.879805401971965,0.0,83.44040074490047,77.56059534292851,1.4238143194763055,89.36083252114314,0.0,0.0,1.5201056371239035,0.0,9.119061841732952,53.19939926631706,83.00059735278398,1.2451065238653354,278481,42.4,5.4,17,20.8,12.7,5.2,40.5,8.4,62.8,0
139517,3383,75.83534861541605,7.822132906434143,2.0164174529105217,58718,44.51142154719497,2021,EC153,2.576722640416908,9.417895704894581,2.3314826799277903,75.83534861541605,66.41745291052146,1.702855555459224,83.44040074490047,3.38525501292027,5.879805401971965,2.295332823259373,0.0,4.999206016947929,52.143368861207364,77.56059534292851,1.4238143194763055,278481,42.4,5.4,17,20.8,12.7,5.2,40.5,8.4,62.8,0
68019,2662,87.8127094036185,8.278423051150325,3.908867545231182,35816,56.56948793719402,2011,EC154,0.0,0.0,0.0,87.8127094036185,83.65814161268706,1.2893940857896817,,,,,,,,,,156136,42.5,5.6,23,23.5,12.0,3.9,24.6,7.5,67.8,0
75867,982,79.66534863535539,7.312662744719837,4.525508727939049,41476,55.96372599417402,2016,EC154,5.641816954383258,2.854662937602469,0.0,79.66534863535539,73.42559552512296,1.5512475158250896,87.8127094036185,0.0,0.0,3.908867545231182,0.0,8.278423051150325,56.56948793719402,83.65814161268706,1.2893940857896817,156136,42.5,5.6,23,23.5,12.0,3.9,24.6,7.5,67.8,0
76248,1341,78.49817532830772,4.104845369063158,2.2881649396659656,37541,50.99412443605078,2021,EC154,3.369649183559308,7.565062198662795,4.174102980741057,78.49817532830772,70.93311312964492,1.597415208512413,79.66534863535539,5.641816954383258,2.854662937602469,4.525508727939049,0.0,7.312662744719837,55.96372599417402,73.42559552512296,1.5512475158250896,156136,42.5,5.6,23,23.5,12.0,3.9,24.6,7.5,67.8,0
118639,1046,86.043997965412,7.132184638860631,6.823817395727365,62912,53.90975985974258,2011,EC155,0.0,0.0,0.0,86.043997965412,79.22018056968464,1.3388466174996954,,,,,,,,,,290390,40.6,5.4,18,18.2,15.2,4.1,33.8,6.4,71.0,0
134892,1644,84.8257252080054,1.0478974589610974,5.863128700996927,66705,50.66942442843163,2016,EC155,4.1481148339704665,4.115133798066112,0.0,84.8257252080054,78.96259650700847,1.3765622401784638,86.043997965412,0.0,0.0,6.823817395727365,0.0,7.132184638860631,53.90975985974258,79.22018056968464,1.3388466174996954,290390,40.6,5.4,18,18.2,15.2,4.1,33.8,6.4,71.0,0
134601,1195,79.63909666541103,2.7462376006744513,3.4260704227878525,55749,42.30577781740106,2021,EC155,1.492403451182981,5.115786830257045,7.580405029686631,79.63909666541103,72.0586916357244,1.5523064768752814,84.8257252080054,4.1481148339704665,4.115133798066112,5.863128700996927,0.0,1.0478974589610974,50.66942442843163,78.96259650700847,1.3765622401784638,290390,40.6,5.4,18,18.2,15.2,4.1,33.8,6.4,71.0,0
90368,1158,91.06575507741806,3.2213955358938264,5.712849386688116,49730,56.311968838526916,2011,EC156,0.0,0.0,0.0,91.06575507741806,85.35290569072994,1.2000890320438542,,,,,,,,,,190745,38.3,7.2,19,14.7,12.4,4.8,34.3,13.0,72.4,0
96967,1245,79.54866569819507,7.816759865475315,6.278482020258304,50251,53.10672703084555,2016,EC156,3.227796461761955,3.1282959543093667,0.0,79.54866569819507,72.35477900937295,1.552854243726171,91.06575507741806,0.0,0.0,5.712849386688116,0.0,3.2213955358938264,56.311968838526916,85.35290569072994,1.2000890320438542,190745,38.3,7.2,19,14.7,12.4,4.8,34.3,13.0,72.4,0
93164,1246,77.740258478282,3.6536779710426583,6.678165387231562,41164,45.521875402515995,2021,EC156,1.479448061412885,6.051404139539404,4.3970459624914975,77.740258478282,71.06209309105044,1.6244978853824472,79.54866569819507,3.227796461761955,3.1282959543093667,6.278482020258304,0.0,7.816759865475315,53.10672703084555,72.35477900937295,1.552854243726171,190745,38.3,7.2,19,14.7,12.4,4.8,34.3,13.0,72.4,0
194640,1560,66.04280997879178,8.9653890723047,24.991800948903514,91474,47.79798602548294,2011,EC157,0.0,0.0,0.0,66.04280997879178,41.05100902988827,1.9969761551764562,,,,,,,,,,450287,35.0,5.1,20,14.0,19.1,10.5,60.2,38.4,73.3,0
211426,1965,63.313172402719054,5.754964406144623,22.021088690253173,93415,45.112710830266856,2016,EC157,4.45859872611465,4.452175774768506,0.0,63.313172402719054,41.29208371246588,2.1961325725577785,66.04280997879178,0.0,0.0,24.991800948903514,0.0,8.9653890723047,47.79798602548294,41.05100902988827,1.9969761551764562,450287,35.0,5.1,20,14.0,19.1,10.5,60.2,38.4,73.3,0
206563,2415,63.62888424783242,6.09581672046073,16.311625846465414,79005,39.41654604164347,2021,EC157,1.9770900575912915,7.003354218087463,4.983228909562686,63.62888424783242,47.317258401367,2.272612670106043,63.313172402719054,4.45859872611465,4.452175774768506,22.021088690253173,0.0,5.754964406144623,45.112710830266856,41.29208371246588,2.1961325725577785,450287,35.0,5.1,20,14.0,19.1,10.5,60.2,38.4,73.3,0
89856,2918,74.18474526357122,22.758417591047415,3.0568371453813685,50935,59.93255876068376,2011,EC441,0.0,0.0,0.0,74.18474526357122,60.22774123883381,1.740131154137605,,,,,,,,,,203843,38.4,6.9,19,9.4,12.9,5.6,49.7,27.6,44.9,0
97535,1837,74.43970212689965,7.937925245995321,2.7430040895047947,55997,59.29563746347465,2016,EC441,8.075432612461382,6.803935925138847,0.0,74.43970212689965,66.36426951443826,1.7513787683324338,74.18474526357122,0.0,0.0,3.0568371453813685,0.0,22.758417591047415,59.93255876068376,60.22774123883381,1.740131154137605,203843,38.4,6.9,19,9.4,12.9,5.6,49.7,27.6,44.9,0
99232,1328,73.03932218118618,6.928287875496218,1.3192976912290404,50633,52.363148984198645,2021,EC441,5.213990875515968,11.759129421523513,1.7399719550490786,73.03932218118618,61.280192759662675,1.8118598118990081,74.43970212689965,8.075432612461382,6.803935925138847,2.7430040895047947,0.0,7.937925245995321,59.29563746347465,66.36426951443826,1.7513787683324338,203843,38.4,6.9,19,9.4,12.9,5.6,49.7,27.6,44.9,0
92039,2750,83.64810195568785,11.688012241390153,4.663885802922003,47707,54.82132574234835,2011,EC442,0.0,0.0,0.0,83.64810195568785,78.13738025866226,1.4155396532126956,,,,,,,,,,191775,38.3,6.7,19,8.0,13.9,6.3,37.7,17.2,45.2,0
103439,1692,76.72961751846272,4.265716280266011,7.493478340742918,54434,54.259998646545306,2016,EC442,6.734761362383804,4.7764264981445415,0.0,76.72961751846272,69.2361391777198,1.6583874387305348,83.64810195568785,0.0,0.0,4.663885802922003,0.0,11.688012241390153,54.82132574234835,78.13738025866226,1.4155396532126956,191775,38.3,6.7,19,8.0,13.9,6.3,37.7,17.2,45.2,0
106760,1111,76.08881645956407,4.247300875942147,2.6685679364432677,49090,47.02229299363057,2021,EC442,4.110816866979018,10.09370543898961,2.7907924220818905,76.08881645956407,65.99511102057446,1.6856392886210616,76.72961751846272,6.734761362383804,4.7764264981445415,7.493478340742918,0.0,4.265716280266011,54.259998646545306,69.2361391777198,1.6583874387305348,191775,38.3,6.7,19,8.0,13.9,6.3,37.7,17.2,45.2,0
116717,3228,86.03149807122135,12.965855835750947,1.0026460930277041,62734,56.51447518356366,2011,EC443,0.0,0.0,0.0,86.03149807122135,82.30783944910256,1.3444651090519748,,,,,,,,,,281905,44.2,5.2,17,19.4,13.1,5.0,43.7,6.9,60.0,0
131835,1907,80.3170536870231,8.263779852904719,1.5398176459245791,72606,56.519892289604435,2016,EC443,3.4900696912100933,6.389279122937499,0.0,80.3170536870231,73.92777456408561,1.5315538063424614,86.03149807122135,0.0,0.0,1.0026460930277041,0.0,12.965855835750947,56.51447518356366,82.30783944910256,1.3444651090519748,281905,44.2,5.2,17,19.4,13.1,5.0,43.7,6.9,60.0,0
133323,1280,74.42173741621764,8.253384150348273,1.4489420423183073,60872,46.617612864997035,2021,EC443,1.8481403600998818,7.064003154159549,6.963792876856354,74.42173741621764,67.35773426205809,1.768002951571213,80.3170536870231,3.4900696912100933,6.389279122937499,1.5398176459245791,0.0,8.263779852904719,56.519892289604435,73.92777456408561,1.5315538063424614,281905,44.2,5.2,17,19.4,13.1,5.0,43.7,6.9,60.0,0
59966,896,87.98906652258208,9.79563296570575,2.2153005117121696,31463,53.962245272320985,2011,EC444,0.0,0.0,0.0,87.98906652258208,81.53068683850873,1.2830357876785337,,,,,,,,,,123821,41.5,6.3,18,17.9,9.8,3.8,24.7,8.0,23.3,0
64137,880,83.87077475321567,4.451091833682321,1.169608136404427,33430,53.49486255983285,2016,EC444,5.18994914747233,5.318576129225247,0.0,83.87077475321567,78.55219862399042,1.407001900484162,87.98906652258208,0.0,0.0,2.2153005117121696,0.0,9.79563296570575,53.962245272320985,81.53068683850873,1.2830357876785337,123821,41.5,6.3,18,17.9,9.8,3.8,24.7,8.0,23.3,0
67099,881,80.93291504262129,3.26076623253161,1.033051303989606,31557,48.34349245145233,2021,EC444,1.394302373482904,11.756504103685394,1.6224609436891975,80.93291504262129,69.1764109389359,1.4931435885352247,83.87077475321567,5.18994914747233,5.318576129225247,1.169608136404427,0.0,4.451091833682321,53.49486255983285,78.55219862399042,1.407001900484162,123821,41.5,6.3,18,17.9,9.8,3.8,24.7,8.0,23.3,0
569470,4143,52.13219001490926,47.32827571436808,0.5395342707226464,364203,64.68224840641298,2011,NMA,0.0,0.0,0.0,52.13219001490926,11.891170583438354,2.2925294829474048,,,,,,,,,,1152115,25.5,6.0,28,3.0,30.9,11.6,87.2,90.4,90.5,0
609217,6569,41.504485017963724,4.971760024599923,1.8315904007737411,380489,63.53368340016775,2016,NMA,46.663898299293805,5.028266257368807,0.0,46.663898299293805,5.159413281330077,2.5426224940360016,52.13219001490926,0.0,0.0,0.5395342707226464,0.0,47.32827571436808,64.68224840641298,11.891170583438354,2.2925294829474048,1152115,25.5,6.0,28,3.0,30.9,11.6,87.2,90.4,90.5,0
583270,3584,39.60320502844824,12.624638940867907,1.0749219049498788,263461,45.784113703773556,2021,NMA,40.03894314528526,6.399049574699861,0.25924140574885846,40.03894314528526,0.43573811683702557,3.0962808441484686,41.504485017963724,46.663898299293805,5.028266257368807,1.8315904007737411,0.0,4.971760024599923,63.53368340016775,5.159413281330077,2.5426224940360016,1152115,25.5,6.0,28,3.0,30.9,11.6,87.2,90.4,90.5,0
